date,location_id,water_level_m,flow_rate_m3s,rainfall_mm,is_flood
2023-10-31,LOC_181,5.25,74.91,4.3,0
2024-03-25,LOC_338,8.7,66.8,6.79,1
2024-03-29,LOC_485,7.39,55.48,9.11,0
2024-02-16,LOC_173,6.59,80.69,8.13,0
2023-04-27,LOC_160,3.94,74.24,8.65,0
2023-08-09,LOC_164,3.94,48.13,7.61,0
2023-06-03,LOC_465,3.35,85.55,7.85,0
2023-06-02,LOC_483,8.2,81.13,8.94,1
2023-01-12,LOC_497,6.61,87.49,4.75,0
2023-05-13,LOC_188,7.25,76.29,6.43,0
2024-04-26,LOC_395,3.12,70.67,4.55,0
2023-10-31,LOC_191,8.82,60.91,9.91,1
2023-10-20,LOC_405,7.99,86.64,9.61,0
2024-04-07,LOC_308,4.27,83.3,3.28,0
2023-10-27,LOC_256,4.09,42.26,7.94,0
2023-08-16,LOC_183,4.1,41.32,9.48,0
2023-09-28,LOC_117,4.83,58.82,4.26,0
2023-02-12,LOC_282,6.15,80.53,6.98,0
2024-03-07,LOC_196,5.59,89.36,9.41,0
2023-12-09,LOC_34,4.75,47.52,3.24,0
2023-11-22,LOC_52,6.67,69.71,7.88,0
2023-10-29,LOC_112,3.84,59.04,5.08,0
2024-05-12,LOC_252,4.75,88.5,9.47,0
2023-12-30,LOC_82,5.2,82.11,9.8,0
2024-01-14,LOC_232,5.74,81.92,9.61,0
2024-03-02,LOC_227,7.71,63.43,6.32,0
2024-05-07,LOC_233,4.2,60.74,9.03,0
2023-01-21,LOC_221,6.09,53.67,8.91,0
2024-02-11,LOC_436,6.55,42.82,5.23,0
2023-04-17,LOC_413,3.28,83.24,8.8,0
2023-12-02,LOC_422,6.65,80.65,3.26,0
2023-10-30,LOC_42,4.02,89.99,7.17,0
2023-04-27,LOC_21,3.39,89.83,4.61,0
2023-05-04,LOC_42,8.69,67.77,3.84,1
2024-02-03,LOC_397,8.79,78.45,3.54,1
2023-10-08,LOC_113,7.85,87.24,7.87,0
2023-10-19,LOC_105,4.83,82.48,5.38,0
2023-07-22,LOC_192,3.59,52.37,8.07,0
2023-02-20,LOC_17,7.11,62.53,3.46,0
2023-09-28,LOC_120,5.64,46.46,5.21,0
2023-11-20,LOC_393,3.73,87.7,6.78,0
2023-10-04,LOC_425,5.97,70.31,8.54,0
2023-05-21,LOC_129,3.21,51.43,5.23,0
2024-04-14,LOC_130,8.46,73.59,7.38,1
2023-10-02,LOC_60,4.55,70.91,9.2,0
2023-10-17,LOC_48,6.98,57.91,7.31,0
2023-11-30,LOC_29,4.87,45.68,4.63,0
2024-01-16,LOC_97,6.12,73.58,3.17,0
2024-03-27,LOC_10,6.28,66.02,9.09,0
2024-05-10,LOC_242,4.11,78.62,3.15,0
2024-01-08,LOC_314,8.82,66.01,9.12,1
2023-02-21,LOC_444,7.65,82.61,6.7,0
2024-05-08,LOC_232,8.64,67.6,9.57,1
2023-01-27,LOC_277,8.37,68.05,8.59,1
2023-06-06,LOC_284,6.59,83.83,9.99,0
2023-08-27,LOC_203,8.53,60.17,5.45,1
2023-06-05,LOC_247,3.53,46.7,8.37,0
2023-10-18,LOC_290,4.18,41.44,5.81,0
2023-05-16,LOC_264,3.27,77.76,6.36,0
2023-05-24,LOC_443,4.95,71.02,7.39,0
2023-04-16,LOC_214,5.33,75.2,9.12,0
2024-02-24,LOC_200,4.63,50.65,9.89,0
2023-06-07,LOC_433,7.97,46.82,8.38,0
2023-05-26,LOC_79,5.14,40.73,5.92,0
2023-01-02,LOC_401,4.69,57.53,5.95,0
2024-03-08,LOC_444,6.26,69.5,8.16,0
2023-03-18,LOC_343,3.85,59.61,4.67,0
2023-05-12,LOC_344,7.81,61.87,3.77,0
2023-03-31,LOC_173,3.45,85.21,5.48,0
2023-12-11,LOC_467,8.92,57.41,5.01,1
2023-12-16,LOC_69,7.63,65.7,5.07,0
2024-04-03,LOC_416,4.19,79.18,4.64,0
2023-09-20,LOC_428,3.03,59.83,3.29,0
2023-12-17,LOC_449,7.89,71.1,3.13,0
2023-04-18,LOC_87,7.24,83.12,9.91,0
2023-03-15,LOC_101,7.37,87.48,5.99,0
2023-02-08,LOC_8,7.63,47.35,5.69,0
2024-02-01,LOC_333,3.44,86.33,7.76,0
2023-06-08,LOC_200,5.15,64.61,4.53,0
2023-03-12,LOC_87,3.7,52.91,9.65,0
2024-03-22,LOC_43,8.18,62.96,8.5,1
2023-11-08,LOC_385,6.74,89.0,3.63,0
2023-08-29,LOC_109,4.99,64.63,5.92,0
2024-03-01,LOC_435,3.38,56.44,9.15,0
2024-03-20,LOC_408,4.87,71.67,9.61,0
2023-10-25,LOC_483,4.95,52.01,6.27,0
2024-03-15,LOC_152,7.38,43.79,7.29,0
2023-02-05,LOC_17,6.83,46.44,4.17,0
2023-03-25,LOC_133,8.32,46.4,9.94,1
2024-03-27,LOC_148,5.83,47.6,4.62,0
2024-01-09,LOC_277,3.72,46.94,9.6,0
2023-09-20,LOC_232,7.28,72.04,7.55,0
2023-11-06,LOC_314,7.56,49.09,7.25,0
2024-01-20,LOC_415,6.37,57.28,6.59,0
2023-06-21,LOC_366,7.63,84.84,4.61,0
2024-01-11,LOC_228,5.96,63.7,4.24,0
2023-06-22,LOC_139,6.14,73.38,4.54,0
2023-12-28,LOC_436,5.57,48.62,4.31,0
2023-02-16,LOC_399,3.15,49.61,8.46,0
2024-01-14,LOC_211,3.65,42.04,5.45,0
2023-05-21,LOC_391,3.19,48.45,3.4,0
2024-01-10,LOC_499,6.82,53.93,9.78,0
2024-02-10,LOC_28,4.89,48.85,9.19,0
2023-04-28,LOC_51,6.05,44.44,9.49,0
2023-10-04,LOC_491,8.45,46.03,9.96,1
2023-08-02,LOC_442,4.5,63.04,4.22,0
2023-08-08,LOC_261,5.46,50.32,5.77,0
2024-01-28,LOC_261,7.53,58.21,8.31,0
2023-01-26,LOC_350,4.37,65.17,7.87,0
2023-01-09,LOC_352,3.46,74.52,4.08,0
2023-09-28,LOC_8,4.74,41.97,8.71,0
2023-01-10,LOC_320,3.97,79.97,4.57,0
2024-04-16,LOC_138,8.58,71.4,4.57,1
2024-01-13,LOC_38,7.85,44.09,6.76,0
2023-05-01,LOC_111,6.8,83.68,7.15,0
2023-05-05,LOC_480,8.23,86.04,7.06,1
2023-06-19,LOC_368,7.82,43.05,3.64,0
2023-03-13,LOC_220,4.12,53.84,9.14,0
2023-06-01,LOC_337,8.36,80.31,4.86,1
2023-07-27,LOC_223,6.24,77.41,3.91,0
2023-02-18,LOC_136,7.84,49.23,9.22,0
2023-06-03,LOC_256,8.38,50.47,9.69,1
2023-12-13,LOC_360,4.91,58.52,9.03,0
2023-10-20,LOC_409,3.66,64.23,8.67,0
2023-03-09,LOC_329,4.37,70.91,7.59,0
2023-02-19,LOC_450,5.56,58.45,6.86,0
2023-06-01,LOC_463,7.91,63.13,3.61,0
2023-01-19,LOC_434,8.16,77.37,5.86,1
2023-04-10,LOC_451,3.04,41.83,5.61,0
2023-03-01,LOC_49,6.06,52.62,4.82,0
2023-06-16,LOC_292,5.5,75.67,8.06,0
2023-07-21,LOC_382,4.33,84.76,6.47,0
2023-12-11,LOC_324,3.72,65.58,3.57,0
2023-05-26,LOC_78,5.03,66.61,4.54,0
2024-02-07,LOC_105,8.66,45.36,7.78,1
2023-06-13,LOC_169,4.94,62.37,3.53,0
2024-04-02,LOC_217,6.11,66.63,8.96,0
2024-04-25,LOC_378,7.22,52.12,6.47,0
2024-03-14,LOC_119,5.18,53.46,6.36,0
2023-08-30,LOC_190,8.83,58.86,7.15,1
2023-03-10,LOC_255,8.77,41.0,8.77,1
2023-06-24,LOC_370,4.51,56.1,5.43,0
2023-02-18,LOC_266,5.98,50.57,7.75,0
2024-04-27,LOC_149,4.81,56.37,6.96,0
2023-04-18,LOC_164,4.71,45.99,4.87,0
2023-08-14,LOC_140,3.22,84.53,9.15,0
2023-06-10,LOC_347,6.66,69.68,8.58,0
2023-04-29,LOC_488,6.02,73.96,7.61,0
2023-05-29,LOC_258,3.31,79.46,8.95,0
2024-04-09,LOC_374,4.67,64.92,9.07,0
2023-05-30,LOC_269,8.45,44.35,7.96,1
2024-03-07,LOC_181,4.44,66.86,8.86,0
2023-10-20,LOC_160,3.87,69.34,7.88,0
2023-05-23,LOC_351,5.94,77.27,7.76,0
2024-02-23,LOC_400,8.91,61.58,7.33,1
2024-04-20,LOC_288,4.45,46.38,8.27,0
2024-03-30,LOC_288,7.03,54.19,4.11,0
2023-06-09,LOC_380,7.57,58.15,9.17,0
2023-01-11,LOC_226,4.43,72.3,9.1,0
2023-05-18,LOC_11,7.37,68.54,3.2,0
2024-04-01,LOC_10,5.21,57.8,8.78,0
2023-03-19,LOC_271,6.79,89.33,3.9,0
2023-03-18,LOC_273,6.8,70.29,5.35,0
2024-03-16,LOC_424,6.21,51.86,8.2,0
2023-09-11,LOC_402,3.54,45.09,4.13,0
2024-02-13,LOC_183,8.01,47.64,8.73,1
2023-09-15,LOC_457,4.92,52.3,8.82,0
2023-11-16,LOC_153,4.12,48.03,6.55,0
2023-10-18,LOC_488,3.24,49.33,3.04,0
2023-09-20,LOC_315,6.55,54.25,5.01,0
2023-03-26,LOC_334,7.07,48.67,7.32,0
2023-05-26,LOC_124,3.1,84.84,9.87,0
2023-11-19,LOC_473,6.07,44.01,7.42,0
2023-02-11,LOC_114,4.36,66.23,4.82,0
2024-01-09,LOC_278,6.87,60.52,7.44,0
2023-05-05,LOC_500,4.05,89.12,6.78,0
2023-06-16,LOC_414,7.15,45.6,8.46,0
2024-02-29,LOC_468,5.32,59.89,3.75,0
2023-08-29,LOC_213,8.62,88.47,8.33,1
2024-04-03,LOC_172,3.83,83.28,6.79,0
2024-05-01,LOC_288,5.05,80.85,9.74,0
2023-10-07,LOC_435,3.68,52.9,5.39,0
2023-07-07,LOC_174,8.55,48.54,7.43,1
2023-10-29,LOC_113,8.26,73.43,9.52,1
2023-01-19,LOC_376,4.55,86.47,3.72,0
2023-03-09,LOC_405,6.96,67.84,9.56,0
2023-08-06,LOC_483,7.9,68.58,7.82,0
2023-04-12,LOC_122,6.33,54.0,3.47,0
2023-02-11,LOC_32,6.18,78.47,5.11,0
2023-10-15,LOC_222,4.45,49.35,7.96,0
2023-06-16,LOC_119,3.56,56.18,3.47,0
2023-04-19,LOC_39,8.38,61.27,7.08,1
2024-05-08,LOC_497,8.4,65.38,5.42,1
2023-02-05,LOC_268,6.8,52.12,7.35,0
2023-08-20,LOC_233,5.03,45.74,3.32,0
2023-08-17,LOC_431,5.1,70.53,9.1,0
2023-12-19,LOC_18,7.36,54.43,9.81,0
2023-06-13,LOC_149,8.38,69.06,9.78,1
2024-01-22,LOC_397,8.32,47.72,8.25,1
2023-03-14,LOC_149,7.68,64.06,3.91,0
2023-05-16,LOC_126,6.85,66.63,8.31,0
2023-12-19,LOC_392,3.5,42.59,3.17,0
2024-01-14,LOC_302,3.97,56.83,3.15,0
2023-03-11,LOC_360,8.39,46.72,5.27,1
2024-02-29,LOC_238,6.64,43.17,6.42,0
2024-05-01,LOC_135,3.06,89.5,8.39,0
2023-07-15,LOC_151,3.61,56.12,7.78,0
2023-09-26,LOC_236,6.98,80.49,6.12,0
2023-02-18,LOC_224,3.03,52.73,4.92,0
2023-11-12,LOC_203,3.96,74.08,9.98,0
2023-05-10,LOC_256,6.29,78.01,5.98,0
2024-03-19,LOC_86,7.15,69.78,6.16,0
2023-01-05,LOC_150,6.91,63.58,4.15,0
2024-03-03,LOC_235,4.35,60.59,8.56,0
2023-01-27,LOC_345,7.27,57.44,7.86,0
2023-06-09,LOC_22,4.42,86.48,4.55,0
2023-05-29,LOC_348,4.95,81.53,3.58,0
2023-09-21,LOC_285,7.48,88.25,7.76,0
2023-08-18,LOC_269,6.9,46.21,7.58,0
2023-07-19,LOC_466,8.1,76.54,4.91,1
2023-02-19,LOC_258,6.95,86.92,9.66,0
2023-03-08,LOC_29,6.41,49.06,4.06,0
2023-10-27,LOC_213,3.56,43.32,6.03,0
2024-01-16,LOC_463,5.21,77.06,9.61,0
2023-02-27,LOC_436,4.59,68.72,5.94,0
2023-09-16,LOC_283,4.46,82.09,7.47,0
2023-12-08,LOC_50,8.84,46.99,5.78,1
2023-11-22,LOC_95,5.36,79.76,4.92,0
2023-05-10,LOC_463,8.35,50.08,9.89,1
2023-08-03,LOC_499,6.79,48.18,5.87,0
2023-06-21,LOC_407,7.77,48.21,9.26,0
2023-09-15,LOC_88,6.02,80.73,4.61,0
2023-04-12,LOC_44,6.46,73.26,4.49,0
2023-07-28,LOC_461,5.96,66.15,3.22,0
2023-10-18,LOC_278,4.17,57.94,7.56,0
2023-12-20,LOC_171,7.33,83.86,5.58,0
2024-04-15,LOC_421,4.68,59.62,9.05,0
2023-10-13,LOC_189,3.15,80.83,6.31,0
2023-04-26,LOC_353,6.87,61.96,9.78,0
2023-09-21,LOC_184,4.06,58.85,4.3,0
2023-05-30,LOC_3,8.64,63.13,9.08,1
2023-10-27,LOC_191,8.72,55.07,8.44,1
2024-03-17,LOC_118,8.49,77.38,8.4,1
2023-02-05,LOC_19,5.22,65.14,8.91,0
2024-03-28,LOC_23,3.09,51.61,8.33,0
2023-11-29,LOC_413,8.57,84.98,7.38,1
2024-04-21,LOC_30,5.57,59.19,3.92,0
2023-10-14,LOC_295,8.8,67.18,3.23,1
2023-10-30,LOC_108,8.78,85.32,9.45,1
2023-11-07,LOC_367,8.12,71.21,7.32,1
2023-07-27,LOC_281,4.77,45.84,8.58,0
2023-04-16,LOC_128,5.31,86.99,6.37,0
2024-03-21,LOC_229,8.11,71.39,3.82,1
2023-06-07,LOC_111,4.9,56.75,3.88,0
2023-05-01,LOC_136,4.02,46.96,7.8,0
2023-02-24,LOC_362,6.34,79.7,6.01,0
2024-02-04,LOC_186,8.62,71.0,4.4,1
2023-01-12,LOC_144,7.18,66.67,6.44,0
2023-05-25,LOC_72,6.42,84.69,3.45,0
2024-02-04,LOC_129,3.58,79.43,7.07,0
2024-01-31,LOC_364,6.69,47.58,4.88,0
2023-05-16,LOC_261,8.94,55.59,8.58,1
2024-04-12,LOC_3,3.84,52.42,5.17,0
2023-01-03,LOC_449,6.11,77.2,6.19,0
2023-05-24,LOC_388,8.26,41.68,3.08,1
2023-01-30,LOC_104,7.44,68.49,3.51,0
2023-08-25,LOC_483,7.18,78.12,5.75,0
2023-10-06,LOC_224,7.21,83.84,6.36,0
2023-12-14,LOC_320,5.16,57.1,7.2,0
2023-04-25,LOC_362,4.76,81.06,5.04,0
2023-04-14,LOC_354,7.86,45.53,7.86,0
2023-04-28,LOC_491,7.86,82.32,9.02,0
2023-01-05,LOC_473,8.2,46.37,8.46,1
2024-04-12,LOC_10,8.48,59.86,3.28,1
2023-12-26,LOC_405,6.07,79.86,6.36,0
2023-09-05,LOC_384,6.01,47.5,3.73,0
2023-12-30,LOC_302,7.79,51.46,4.69,0
2023-11-17,LOC_231,6.9,76.11,9.91,0
2023-05-01,LOC_219,7.21,76.0,4.0,0
2023-10-13,LOC_411,7.77,72.06,6.49,0
2023-05-29,LOC_66,8.34,74.7,7.33,1
2023-03-25,LOC_425,5.03,67.14,7.92,0
2024-03-29,LOC_112,5.25,52.59,6.92,0
2024-02-10,LOC_13,3.56,57.28,3.07,0
2024-04-10,LOC_393,6.47,49.08,5.29,0
2024-03-31,LOC_500,3.22,85.42,6.62,0
2023-08-19,LOC_420,5.79,69.17,3.62,0
2023-10-15,LOC_86,6.26,60.04,5.45,0
2023-06-10,LOC_234,4.72,63.1,3.23,0
2023-09-29,LOC_90,6.54,87.36,3.55,0
2024-04-04,LOC_314,3.18,47.67,5.78,0
2023-02-07,LOC_54,3.22,69.31,3.93,0
2024-05-14,LOC_12,7.94,65.29,6.97,0
2023-08-14,LOC_209,5.16,70.57,7.83,0
2023-05-22,LOC_462,3.76,40.91,8.6,0
2023-10-19,LOC_14,6.13,83.61,4.4,0
2024-04-25,LOC_121,7.62,86.61,4.17,0
2023-05-31,LOC_418,4.29,68.26,3.73,0
2023-04-24,LOC_437,6.74,74.83,7.46,0
2023-08-25,LOC_377,3.51,86.12,7.95,0
2023-03-07,LOC_20,3.31,75.36,3.22,0
2023-12-27,LOC_75,6.19,47.63,9.55,0
2023-12-07,LOC_400,6.24,68.81,3.36,0
2023-09-15,LOC_243,6.82,70.34,6.79,0
2024-04-19,LOC_223,7.36,61.21,7.96,0
2023-09-06,LOC_70,8.86,76.82,9.1,1
2024-04-01,LOC_312,6.1,86.72,8.0,0
2024-03-24,LOC_211,4.94,86.28,8.61,0
2023-11-27,LOC_101,7.77,62.54,5.38,0
2023-11-19,LOC_186,4.62,45.66,8.7,0
2023-06-29,LOC_132,5.63,89.24,3.56,0
2023-07-09,LOC_111,3.47,81.94,9.26,0
2024-02-11,LOC_381,3.15,46.23,6.83,0
2023-06-03,LOC_132,8.78,86.04,8.72,1
2023-07-15,LOC_20,8.02,83.49,6.17,1
2024-04-10,LOC_394,7.18,65.94,7.51,0
2023-11-07,LOC_24,5.45,69.56,6.68,0
2023-09-19,LOC_227,4.04,59.95,8.12,0
2024-02-23,LOC_154,3.94,42.74,3.57,0
2024-02-10,LOC_293,4.5,56.76,3.42,0
2024-03-02,LOC_230,6.3,80.14,4.73,0
2023-05-23,LOC_469,7.29,40.23,4.12,0
2023-12-08,LOC_310,6.96,56.67,9.1,0
2023-11-12,LOC_488,4.68,59.91,4.53,0
2023-04-11,LOC_359,8.73,66.87,9.83,1
2023-09-01,LOC_405,7.43,85.99,5.36,0
2024-05-04,LOC_202,6.33,57.32,4.27,0
2023-01-12,LOC_38,6.67,57.35,8.53,0
2023-08-27,LOC_430,5.52,76.88,7.61,0
2023-02-18,LOC_260,4.49,62.61,6.49,0
2023-02-11,LOC_188,5.14,51.23,6.89,0
2023-06-15,LOC_57,7.55,62.62,8.03,0
2023-03-23,LOC_429,3.09,47.04,4.6,0
2024-03-04,LOC_20,3.7,48.82,9.97,0
2023-10-18,LOC_273,3.28,64.92,9.82,0
2023-06-07,LOC_119,3.24,60.95,7.55,0
2023-08-04,LOC_71,8.13,85.74,4.4,1
2024-05-04,LOC_4,7.22,58.12,7.76,0
2023-06-07,LOC_221,5.85,69.03,3.51,0
2024-04-06,LOC_14,3.59,71.61,3.21,0
2023-05-14,LOC_3,5.95,40.65,4.8,0
2023-03-08,LOC_216,5.84,73.18,6.24,0
2023-12-02,LOC_229,4.04,48.9,9.08,0
2023-01-07,LOC_336,5.6,88.05,8.09,0
2024-03-11,LOC_186,5.39,47.43,8.2,0
2023-01-14,LOC_55,6.7,60.73,5.98,0
2023-03-14,LOC_500,6.81,44.27,5.42,0
2024-02-03,LOC_388,3.27,89.84,5.6,0
2024-02-09,LOC_376,5.25,65.11,9.91,0
2023-06-12,LOC_254,6.76,69.77,3.28,0
2023-03-07,LOC_24,6.02,43.35,9.07,0
2023-12-13,LOC_162,8.14,77.5,7.05,1
2023-05-10,LOC_158,6.95,50.5,6.07,0
2024-02-23,LOC_82,3.98,84.9,8.08,0
2024-04-10,LOC_403,3.42,50.26,6.41,0
2023-07-25,LOC_159,6.85,49.53,9.11,0
2023-10-03,LOC_188,3.16,41.83,9.3,0
2024-04-10,LOC_60,6.51,63.6,5.95,0
2023-09-13,LOC_403,8.64,68.24,4.94,1
2023-09-23,LOC_305,6.45,43.29,7.15,0
2023-01-25,LOC_319,5.33,78.78,9.39,0
2024-03-25,LOC_366,6.86,62.66,4.47,0
2023-10-08,LOC_211,5.75,66.22,7.36,0
2023-09-10,LOC_406,6.27,62.04,7.42,0
2023-11-06,LOC_152,8.65,60.04,8.13,1
2023-10-16,LOC_109,5.32,67.98,3.92,0
2023-06-13,LOC_76,8.77,47.76,8.01,1
2023-04-05,LOC_30,8.43,49.1,9.36,1
2023-09-27,LOC_314,4.17,83.09,4.26,0
2023-11-17,LOC_486,3.42,87.31,4.66,0
2023-04-20,LOC_117,3.6,58.67,9.8,0
2023-12-02,LOC_415,3.11,53.54,4.27,0
2023-11-06,LOC_356,3.57,72.2,8.98,0
2023-08-26,LOC_192,7.1,60.44,6.45,0
2024-01-16,LOC_19,3.43,41.27,4.73,0
2024-03-11,LOC_432,4.91,47.81,9.1,0
2024-01-22,LOC_173,8.07,75.8,6.12,1
2024-04-27,LOC_228,3.14,72.95,6.6,0
2024-02-29,LOC_350,7.89,41.35,5.51,0
2024-01-25,LOC_183,4.69,51.1,7.15,0
2023-01-25,LOC_113,3.71,51.55,4.14,0
2023-05-21,LOC_183,7.18,73.59,5.74,0
2023-04-27,LOC_481,6.77,40.99,9.79,0
2024-04-26,LOC_146,8.26,45.21,4.81,1
2024-01-27,LOC_319,7.41,80.0,7.6,0
2024-02-09,LOC_116,7.82,48.93,5.28,0
2024-04-26,LOC_113,4.69,72.64,8.41,0
2024-03-27,LOC_251,4.06,51.91,3.92,0
2023-01-25,LOC_476,7.5,44.97,9.79,0
2023-03-20,LOC_251,7.84,52.16,6.18,0
2023-03-09,LOC_303,8.94,76.11,4.65,1
2023-06-22,LOC_459,5.48,82.78,3.51,0
2024-03-19,LOC_313,5.23,81.51,4.19,0
2023-01-12,LOC_118,7.66,59.86,6.64,0
2023-10-15,LOC_301,5.04,73.4,5.36,0
2023-05-08,LOC_161,8.58,50.25,8.8,1
2023-04-06,LOC_401,8.15,54.66,6.02,1
2023-04-02,LOC_198,5.57,84.82,4.74,0
2023-05-21,LOC_260,7.51,40.65,7.32,0
2023-01-31,LOC_148,7.53,44.28,7.95,0
2023-11-30,LOC_240,3.62,50.39,4.17,0
2023-01-20,LOC_47,8.42,41.33,4.17,1
2023-05-26,LOC_475,6.03,49.07,3.26,0
2024-04-21,LOC_399,7.96,69.15,8.15,0
2023-11-12,LOC_198,4.92,61.07,7.65,0
2024-03-22,LOC_47,8.37,84.63,6.32,1
2024-01-25,LOC_78,5.34,80.87,8.91,0
2023-06-09,LOC_124,3.07,57.09,8.64,0
2023-12-15,LOC_75,8.43,52.97,7.1,1
2023-02-12,LOC_359,3.55,58.98,9.08,0
2023-09-11,LOC_137,4.92,69.51,4.44,0
2023-05-10,LOC_90,8.7,53.4,3.78,1
2023-03-01,LOC_400,8.7,71.21,4.89,1
2023-05-31,LOC_325,6.44,60.47,3.4,0
2024-04-11,LOC_500,6.79,67.6,6.72,0
2023-10-14,LOC_61,5.69,61.81,9.56,0
2024-05-13,LOC_138,4.76,54.72,3.28,0
2023-01-05,LOC_50,4.97,87.42,3.85,0
2024-04-11,LOC_259,7.04,78.18,6.17,0
2024-02-22,LOC_461,7.51,47.01,9.54,0
2023-09-23,LOC_107,7.75,83.42,5.21,0
2023-12-11,LOC_113,7.74,64.37,6.55,0
2023-05-10,LOC_350,3.55,84.73,3.29,0
2024-01-17,LOC_254,5.97,79.99,4.04,0
2023-09-24,LOC_118,3.35,61.26,9.91,0
2023-06-27,LOC_493,6.3,41.12,9.76,0
2023-09-10,LOC_198,5.65,53.43,3.03,0
2024-02-19,LOC_337,8.33,67.08,9.66,1
2023-02-25,LOC_365,5.11,71.67,7.47,0
2024-04-07,LOC_51,3.7,52.89,9.08,0
2024-04-01,LOC_245,3.86,46.97,6.18,0
2024-04-15,LOC_403,7.57,81.75,6.61,0
2023-03-24,LOC_426,6.71,89.22,6.42,0
2024-01-28,LOC_35,3.61,66.28,7.67,0
2023-04-09,LOC_302,3.5,48.58,3.98,0
2023-05-29,LOC_410,7.21,53.62,3.21,0
2023-11-25,LOC_499,3.44,40.92,5.16,0
2023-06-05,LOC_69,7.93,85.71,7.93,0
2023-07-09,LOC_349,7.24,45.89,4.41,0
2024-05-08,LOC_320,3.49,68.83,7.71,0
2024-01-06,LOC_421,3.51,53.7,9.79,0
2023-09-20,LOC_468,8.92,67.71,3.66,1
2023-03-21,LOC_49,5.25,72.57,7.71,0
2024-02-04,LOC_405,5.22,81.49,6.11,0
2023-09-09,LOC_74,7.88,50.32,9.08,0
2023-04-07,LOC_192,8.68,40.55,4.24,1
2023-09-17,LOC_261,8.92,46.84,7.85,1
2023-09-17,LOC_356,7.52,85.0,8.87,0
2023-04-13,LOC_70,5.26,83.69,9.61,0
2023-02-09,LOC_90,3.5,69.87,7.78,0
2023-09-30,LOC_260,7.66,70.03,6.48,0
2023-04-11,LOC_126,6.35,73.25,7.32,0
2023-12-25,LOC_231,5.55,48.77,9.08,0
2024-01-15,LOC_295,8.44,85.72,6.99,1
2023-11-04,LOC_498,3.67,60.94,3.21,0
2023-08-09,LOC_419,5.96,59.16,9.52,0
2023-11-04,LOC_129,3.07,65.95,7.83,0
2024-02-24,LOC_280,5.81,42.35,7.74,0
2023-05-04,LOC_313,3.34,48.31,4.51,0
2024-02-26,LOC_100,3.71,76.9,7.61,0
2023-08-19,LOC_326,3.71,44.14,5.76,0
2023-06-27,LOC_297,6.9,70.16,7.56,0
2023-03-04,LOC_182,7.48,52.27,3.75,0
2024-04-29,LOC_174,6.5,59.46,7.6,0
2023-04-26,LOC_316,8.77,54.43,10.0,1
2023-07-10,LOC_364,5.25,57.78,3.34,0
2023-03-03,LOC_188,4.71,75.95,9.84,0
2023-09-13,LOC_57,8.21,54.86,5.85,1
2024-04-27,LOC_31,4.34,68.32,9.1,0
2023-01-07,LOC_84,8.78,63.8,8.48,1
2023-06-04,LOC_152,3.07,73.18,6.97,0
2023-04-02,LOC_473,8.82,86.84,8.17,1
2024-04-14,LOC_36,3.26,76.63,9.15,0
2023-01-14,LOC_213,8.35,50.75,5.83,1
2024-03-30,LOC_414,6.17,41.56,5.29,0
2023-08-17,LOC_408,8.96,53.11,7.67,1
2023-03-27,LOC_364,3.44,69.75,8.65,0
2023-05-13,LOC_106,6.32,42.57,8.34,0
2023-07-02,LOC_414,8.82,64.82,8.58,1
2024-01-21,LOC_342,6.14,69.84,6.05,0
2023-03-03,LOC_220,6.78,56.71,8.72,0
2023-08-07,LOC_391,7.17,78.55,3.84,0
2024-02-09,LOC_163,5.73,45.33,6.81,0
2023-09-03,LOC_439,6.77,43.76,3.04,0
2023-08-18,LOC_220,6.51,76.41,5.27,0
2023-03-20,LOC_270,8.41,64.77,5.57,1
2023-05-29,LOC_120,3.27,74.42,5.77,0
2023-05-18,LOC_394,4.69,61.74,7.87,0
2024-04-15,LOC_336,8.7,52.32,5.72,1
2023-11-10,LOC_400,8.34,80.96,6.14,1
2024-01-11,LOC_182,5.73,79.97,4.66,0
2024-02-27,LOC_479,6.72,74.73,5.61,0
2024-01-24,LOC_106,4.66,53.61,4.59,0
2023-03-06,LOC_217,4.13,69.51,3.51,0
2023-01-13,LOC_205,5.78,58.05,7.22,0
2023-08-01,LOC_70,5.12,44.58,7.68,0
2024-04-18,LOC_44,6.5,85.87,7.34,0
2023-08-30,LOC_329,3.47,46.84,6.24,0
2024-05-07,LOC_301,8.85,87.51,5.66,1
2023-08-01,LOC_228,8.92,62.3,9.04,1
2023-12-10 00:00:00,LOC_850,3.2,56.76,4.16,0
2026-01-08 00:00:00,LOC_1608,3.38,43.35,7.95,0
2026-10-08 00:00:00,LOC_887,8.44,88.77,6.75,1
2026-11-20 00:00:00,LOC_587,3.84,80.85,7.45,0
2026-08-06 00:00:00,LOC_807,6.19,82.63,4.38,0
2027-01-18 00:00:00,LOC_1678,5.47,86.9,4.48,0
2025-09-15 00:00:00,LOC_940,5.08,44.26,3.29,0
2026-02-25 00:00:00,LOC_1240,8.4,59.28,5.25,1
2025-06-27 00:00:00,LOC_764,3.13,43.55,6.92,0
2026-10-14 00:00:00,LOC_1477,6.98,50.54,9.01,0
2024-06-10 00:00:00,LOC_1235,8.78,51.47,7.67,1
2026-08-29 00:00:00,LOC_921,6.36,63.46,6.05,0
2023-03-16 00:00:00,LOC_993,8.62,53.43,9.67,1
2023-07-15 00:00:00,LOC_1133,3.31,45.05,8.03,0
2023-01-29 00:00:00,LOC_1493,5.51,48.37,9.51,0
2024-12-06 00:00:00,LOC_911,4.56,47.36,6.69,0
2025-10-17 00:00:00,LOC_673,7.38,88.65,4.81,0
2023-01-16 00:00:00,LOC_504,8.89,77.96,3.37,1
2026-12-17 00:00:00,LOC_1354,4.54,88.39,8.08,0
2025-03-15 00:00:00,LOC_1486,6.93,61.99,3.85,0
2026-11-29 00:00:00,LOC_1996,4.19,53.92,5.12,0
2025-07-28 00:00:00,LOC_1634,6.39,79.91,6.73,0
2025-08-24 00:00:00,LOC_1561,5.78,56.31,6.95,0
2026-01-05 00:00:00,LOC_1083,8.83,54.97,7.2,1
2023-08-17 00:00:00,LOC_1555,6.65,51.63,4.16,0
2025-08-19 00:00:00,LOC_881,5.1,46.48,5.66,0
2026-08-13 00:00:00,LOC_1792,3.68,52.82,7.32,0
2024-12-15 00:00:00,LOC_1535,3.91,57.77,9.79,0
2025-09-10 00:00:00,LOC_844,4.35,73.7,8.09,0
2024-07-26 00:00:00,LOC_666,4.51,43.13,9.46,0
2024-09-06 00:00:00,LOC_1200,8.1,50.53,8.34,1
2023-11-22 00:00:00,LOC_842,6.37,80.45,7.14,0
2026-10-18 00:00:00,LOC_1543,6.14,47.35,4.34,0
2025-05-24 00:00:00,LOC_1480,3.69,57.13,7.67,0
2023-12-25 00:00:00,LOC_1708,8.16,83.23,7.36,1
2023-11-20 00:00:00,LOC_1045,7.34,47.75,7.22,0
2026-09-11 00:00:00,LOC_1534,3.41,44.14,6.43,0
2023-06-14 00:00:00,LOC_692,7.25,64.23,6.7,0
2025-03-08 00:00:00,LOC_820,6.26,55.12,5.34,0
2024-03-30 00:00:00,LOC_1080,3.49,68.17,6.64,0
2026-03-22 00:00:00,LOC_975,5.75,80.19,4.38,0
2026-02-24 00:00:00,LOC_1137,5.91,46.86,8.64,0
2023-07-12 00:00:00,LOC_927,3.99,69.03,4.3,0
2024-09-18 00:00:00,LOC_1583,8.67,65.28,3.59,1
2024-06-13 00:00:00,LOC_1960,8.1,47.2,6.05,1
2025-10-30 00:00:00,LOC_597,7.01,71.2,7.61,0
2023-04-02 00:00:00,LOC_996,5.77,53.68,6.06,0
2023-05-19 00:00:00,LOC_1161,5.47,64.39,4.94,0
2024-04-25 00:00:00,LOC_1802,6.91,44.11,6.91,0
2024-03-24 00:00:00,LOC_1789,6.27,62.98,5.43,0
2026-09-18 00:00:00,LOC_509,3.37,55.32,9.53,0
2025-05-18 00:00:00,LOC_957,6.08,81.12,9.46,0
2023-12-06 00:00:00,LOC_773,7.84,42.85,6.52,0
2025-12-11 00:00:00,LOC_1440,5.76,60.93,5.3,0
2024-04-10 00:00:00,LOC_1532,3.31,62.92,8.16,0
2024-12-18 00:00:00,LOC_708,7.72,76.25,3.26,0
2025-03-09 00:00:00,LOC_1647,4.21,68.71,6.32,0
2024-04-19 00:00:00,LOC_1557,4.55,73.36,5.35,0
2024-02-05 00:00:00,LOC_704,3.99,78.85,9.44,0
2027-01-02 00:00:00,LOC_1018,4.98,83.11,3.08,0
2024-08-27 00:00:00,LOC_1017,7.54,55.69,6.87,0
2025-07-20 00:00:00,LOC_943,6.12,66.9,8.18,0
2025-09-23 00:00:00,LOC_1189,4.23,82.01,6.4,0
2025-07-10 00:00:00,LOC_1350,8.27,89.47,3.6,1
2025-03-31 00:00:00,LOC_1333,8.28,84.48,9.81,1
2024-10-18 00:00:00,LOC_839,8.22,58.57,6.63,1
2024-08-20 00:00:00,LOC_1962,4.43,49.76,7.3,0
2026-03-22 00:00:00,LOC_1969,5.71,64.47,4.66,0
2024-05-28 00:00:00,LOC_1660,8.91,77.08,6.38,1
2025-10-26 00:00:00,LOC_887,7.63,64.63,6.0,0
2024-05-14 00:00:00,LOC_1549,3.16,64.16,3.52,0
2024-12-17 00:00:00,LOC_1006,3.39,81.91,3.74,0
2026-02-15 00:00:00,LOC_1849,5.78,58.07,8.86,0
2024-08-23 00:00:00,LOC_1180,8.46,82.99,4.68,1
2024-10-27 00:00:00,LOC_1862,6.23,60.34,4.36,0
2024-04-12 00:00:00,LOC_1190,5.99,56.41,6.53,0
2023-06-10 00:00:00,LOC_1385,3.63,62.7,8.38,0
2023-09-27 00:00:00,LOC_1619,6.94,78.12,3.43,0
2025-12-15 00:00:00,LOC_1123,7.93,46.3,7.04,0
2023-08-16 00:00:00,LOC_1670,5.28,49.82,3.83,0
2025-04-28 00:00:00,LOC_1393,7.65,87.57,3.26,0
2023-05-29 00:00:00,LOC_1453,8.79,48.77,3.37,1
2025-12-05 00:00:00,LOC_1755,4.22,68.39,8.84,0
2026-03-13 00:00:00,LOC_1284,6.14,68.97,3.83,0
2024-09-23 00:00:00,LOC_995,4.72,64.48,3.32,0
2026-09-25 00:00:00,LOC_1562,7.76,72.24,6.07,0
2024-02-17 00:00:00,LOC_1949,6.47,51.49,8.91,0
2024-06-03 00:00:00,LOC_1247,6.81,67.63,4.84,0
2026-09-29 00:00:00,LOC_937,7.79,58.61,5.95,0
2024-01-22 00:00:00,LOC_1892,5.38,73.08,3.28,0
2027-02-05 00:00:00,LOC_845,8.49,47.06,6.14,1
2023-10-02 00:00:00,LOC_1684,6.2,68.54,7.04,0
2023-12-19 00:00:00,LOC_1050,3.95,49.26,7.0,0
2025-12-25 00:00:00,LOC_1320,7.18,53.93,5.33,0
2026-01-07 00:00:00,LOC_1041,7.76,50.94,5.21,0
2024-08-20 00:00:00,LOC_644,4.9,49.14,3.75,0
2026-05-10 00:00:00,LOC_1088,8.14,81.29,5.57,1
2024-07-11 00:00:00,LOC_1157,8.44,54.29,3.7,1
2023-04-23 00:00:00,LOC_845,4.66,86.36,8.37,0
2026-01-19 00:00:00,LOC_1793,8.9,88.5,9.76,1
2023-05-21 00:00:00,LOC_1196,3.84,68.56,9.79,0
2026-08-05 00:00:00,LOC_768,4.21,47.15,9.06,0
2024-12-30 00:00:00,LOC_669,4.11,58.73,7.21,0
2024-08-11 00:00:00,LOC_533,8.36,79.89,7.91,1
2024-02-15 00:00:00,LOC_877,6.93,58.37,5.0,0
2024-01-12 00:00:00,LOC_1738,3.91,44.35,7.42,0
2026-11-08 00:00:00,LOC_1964,5.64,67.84,6.19,0
2026-03-21 00:00:00,LOC_893,6.69,82.26,6.37,0
2025-01-20 00:00:00,LOC_989,3.5,79.8,8.3,0
2024-09-18 00:00:00,LOC_1222,8.29,48.76,4.97,1
2026-09-04 00:00:00,LOC_1446,7.82,73.64,5.23,0
2026-10-24 00:00:00,LOC_1553,6.03,51.03,9.47,0
2025-09-21 00:00:00,LOC_539,8.8,50.91,3.39,1
2024-12-03 00:00:00,LOC_1697,5.51,83.7,6.4,0
2024-04-06 00:00:00,LOC_1541,8.9,52.48,9.39,1
2023-01-12 00:00:00,LOC_1580,7.01,53.16,7.27,0
2026-03-25 00:00:00,LOC_726,6.81,40.03,6.82,0
2024-04-21 00:00:00,LOC_567,4.0,83.53,4.75,0
2025-07-27 00:00:00,LOC_1721,8.29,79.63,5.4,1
2024-02-05 00:00:00,LOC_1335,5.56,71.37,8.96,0
2025-03-18 00:00:00,LOC_1547,3.97,77.51,6.91,0
2023-06-26 00:00:00,LOC_1499,3.08,47.6,6.6,0
2026-09-26 00:00:00,LOC_737,6.36,62.92,3.7,0
2023-02-26 00:00:00,LOC_1457,6.16,57.56,3.11,0
2024-03-23 00:00:00,LOC_1419,7.32,44.69,9.75,0
2023-07-22 00:00:00,LOC_1662,8.34,64.31,5.64,1
2025-01-07 00:00:00,LOC_973,3.48,86.04,7.22,0
2023-07-21 00:00:00,LOC_1053,7.39,42.0,3.56,0
2026-09-15 00:00:00,LOC_1195,4.12,54.57,7.78,0
2023-12-29 00:00:00,LOC_1753,8.15,50.38,9.53,1
2025-06-10 00:00:00,LOC_817,7.91,51.91,7.03,0
2024-03-29 00:00:00,LOC_1098,6.24,85.42,3.88,0
2023-12-22 00:00:00,LOC_1268,7.26,63.4,7.07,0
2023-08-04 00:00:00,LOC_1386,4.89,63.31,8.36,0
2025-08-29 00:00:00,LOC_1061,5.83,78.03,5.84,0
2024-07-08 00:00:00,LOC_1725,7.93,47.72,9.16,0
2025-06-05 00:00:00,LOC_758,5.76,64.36,7.54,0
2023-01-23 00:00:00,LOC_1702,5.15,61.5,9.29,0
2023-06-04 00:00:00,LOC_1257,5.97,69.85,7.36,0
2026-04-24 00:00:00,LOC_623,7.97,89.98,3.92,0
2023-09-06 00:00:00,LOC_842,5.01,78.47,5.17,0
2025-01-18 00:00:00,LOC_1695,4.04,59.89,4.41,0
2025-03-15 00:00:00,LOC_1583,7.27,81.38,9.36,0
2023-05-14 00:00:00,LOC_1989,7.96,48.54,8.32,0
2023-11-17 00:00:00,LOC_760,3.6,41.52,7.73,0
2024-01-25 00:00:00,LOC_1897,4.44,50.22,5.11,0
2024-03-09 00:00:00,LOC_595,3.85,57.02,4.29,0
2025-11-11 00:00:00,LOC_1649,5.09,65.53,8.3,0
2025-05-22 00:00:00,LOC_541,5.7,70.76,6.32,0
2026-02-22 00:00:00,LOC_754,7.49,85.53,4.58,0
2026-01-07 00:00:00,LOC_507,6.91,65.49,7.32,0
2025-05-07 00:00:00,LOC_1995,6.73,65.06,3.28,0
2023-02-20 00:00:00,LOC_1228,5.11,42.51,5.28,0
2023-06-25 00:00:00,LOC_569,8.05,41.75,6.28,1
2025-05-19 00:00:00,LOC_1605,5.83,67.56,4.04,0
2023-09-10 00:00:00,LOC_1042,8.87,61.91,9.89,1
2025-08-23 00:00:00,LOC_1786,6.8,81.96,4.46,0
2026-06-23 00:00:00,LOC_589,3.76,48.03,3.91,0
2025-01-08 00:00:00,LOC_1732,7.06,41.25,4.42,0
2026-02-03 00:00:00,LOC_713,4.95,62.45,8.38,0
2026-05-01 00:00:00,LOC_1334,7.12,51.87,5.98,0
2026-09-01 00:00:00,LOC_766,3.42,42.48,6.96,0
2023-10-29 00:00:00,LOC_1412,4.05,76.23,3.15,0
2024-07-01 00:00:00,LOC_793,8.13,45.58,3.24,1
2024-12-16 00:00:00,LOC_1731,4.36,70.42,6.12,0
2025-02-17 00:00:00,LOC_833,8.02,54.05,8.72,1
2023-09-25 00:00:00,LOC_1601,4.68,48.67,9.2,0
2026-04-08 00:00:00,LOC_1812,6.86,58.99,3.61,0
2025-10-06 00:00:00,LOC_1505,7.16,80.07,6.77,0
2024-07-04 00:00:00,LOC_547,6.08,59.6,9.39,0
2027-01-18 00:00:00,LOC_1122,4.83,77.54,5.72,0
2026-08-08 00:00:00,LOC_1724,4.28,46.27,8.81,0
2026-03-10 00:00:00,LOC_927,3.2,78.64,3.94,0
2026-03-15 00:00:00,LOC_710,4.82,51.85,9.55,0
2026-12-19 00:00:00,LOC_1388,6.92,73.87,8.26,0
2023-11-10 00:00:00,LOC_1944,8.63,68.29,9.59,1
2023-07-03 00:00:00,LOC_654,8.23,86.46,7.74,1
2024-12-13 00:00:00,LOC_915,7.6,59.37,5.54,0
2023-05-08 00:00:00,LOC_1877,7.73,43.31,9.57,0
2026-08-03 00:00:00,LOC_1681,6.99,40.96,4.93,0
2026-06-30 00:00:00,LOC_1785,4.56,81.34,5.33,0
2024-11-30 00:00:00,LOC_1601,8.44,66.24,7.91,1
2024-01-21 00:00:00,LOC_1269,7.02,78.76,8.36,0
2026-06-07 00:00:00,LOC_1483,6.36,51.72,9.51,0
2023-09-28 00:00:00,LOC_1655,3.67,57.25,4.43,0
2025-03-21 00:00:00,LOC_1079,5.68,41.51,8.59,0
2024-02-19 00:00:00,LOC_1979,5.76,88.07,8.17,0
2023-07-17 00:00:00,LOC_1240,8.19,73.39,3.45,1
2026-09-08 00:00:00,LOC_663,6.28,86.66,5.71,0
2025-12-15 00:00:00,LOC_1539,5.28,53.27,4.98,0
2025-04-10 00:00:00,LOC_1756,8.86,70.57,5.13,1
2026-05-11 00:00:00,LOC_695,3.66,73.92,9.88,0
2024-09-19 00:00:00,LOC_1042,5.54,55.88,7.5,0
2024-08-26 00:00:00,LOC_859,3.25,82.41,8.02,0
2026-03-07 00:00:00,LOC_1350,7.44,87.36,9.84,0
2026-12-16 00:00:00,LOC_1855,8.51,84.24,5.64,1
2025-12-16 00:00:00,LOC_927,4.68,76.95,8.61,0
2025-10-06 00:00:00,LOC_997,8.15,53.87,6.04,1
2023-03-12 00:00:00,LOC_1328,4.75,54.08,9.09,0
2025-06-29 00:00:00,LOC_986,8.46,88.17,4.26,1
2024-08-16 00:00:00,LOC_1973,7.52,40.51,9.63,0
2026-10-27 00:00:00,LOC_1937,7.83,75.8,4.53,0
2024-08-22 00:00:00,LOC_830,3.11,75.31,5.28,0
2024-05-28 00:00:00,LOC_1389,8.78,71.13,8.29,1
2023-03-25 00:00:00,LOC_1491,7.36,89.51,5.76,0
2025-09-20 00:00:00,LOC_1671,4.83,55.59,7.26,0
2025-12-02 00:00:00,LOC_759,7.98,57.0,6.11,0
2025-04-18 00:00:00,LOC_792,4.69,43.95,8.2,0
2024-08-28 00:00:00,LOC_643,8.24,62.14,4.6,1
2025-03-20 00:00:00,LOC_1247,3.68,53.05,3.41,0
2023-05-13 00:00:00,LOC_1127,7.22,57.17,5.1,0
2026-11-19 00:00:00,LOC_1889,6.24,81.73,6.32,0
2025-12-24 00:00:00,LOC_590,3.58,86.77,4.18,0
2023-10-17 00:00:00,LOC_1220,4.45,49.29,5.48,0
2024-01-11 00:00:00,LOC_1688,3.07,58.63,5.8,0
2025-02-07 00:00:00,LOC_981,5.81,86.43,3.4,0
2024-04-11 00:00:00,LOC_584,4.81,43.09,7.08,0
2026-05-21 00:00:00,LOC_1601,6.59,44.62,9.19,0
2026-03-17 00:00:00,LOC_1173,4.78,48.14,4.06,0
2024-04-15 00:00:00,LOC_1017,4.8,69.76,7.18,0
2023-05-29 00:00:00,LOC_985,7.46,47.52,7.65,0
2023-03-29 00:00:00,LOC_1282,3.29,88.4,5.94,0
2026-09-09 00:00:00,LOC_604,8.42,62.34,7.91,1
2024-01-31 00:00:00,LOC_1976,8.11,65.08,5.88,1
2025-02-28 00:00:00,LOC_839,7.01,52.33,6.53,0
2026-11-28 00:00:00,LOC_1187,6.56,63.55,3.05,0
2026-01-10 00:00:00,LOC_1400,8.35,73.1,7.84,1
2026-08-02 00:00:00,LOC_1107,4.11,77.56,7.63,0
2026-11-06 00:00:00,LOC_723,3.47,77.69,3.27,0
2025-05-14 00:00:00,LOC_1533,4.44,68.89,5.58,0
2026-07-17 00:00:00,LOC_1577,7.77,85.22,9.85,0
2026-08-08 00:00:00,LOC_1601,3.21,80.87,5.95,0
2027-01-16 00:00:00,LOC_1003,6.5,77.85,6.51,0
2023-01-24 00:00:00,LOC_1840,8.97,42.78,9.37,1
2025-08-13 00:00:00,LOC_1322,8.13,40.34,8.02,1
2023-11-07 00:00:00,LOC_1124,6.13,50.62,7.07,0
2027-01-24 00:00:00,LOC_665,3.38,73.18,8.58,0
2026-05-16 00:00:00,LOC_1803,7.99,60.56,9.05,0
2024-10-25 00:00:00,LOC_1551,6.59,60.12,6.2,0
2024-03-13 00:00:00,LOC_1594,3.69,84.23,6.33,0
2024-12-06 00:00:00,LOC_1742,3.56,84.78,5.7,0
2026-09-21 00:00:00,LOC_1889,8.46,85.46,9.77,1
2024-02-26 00:00:00,LOC_1830,7.02,55.69,7.88,0
2023-11-17 00:00:00,LOC_1648,7.98,74.55,3.58,0
2024-08-09 00:00:00,LOC_519,8.27,53.58,9.04,1
2025-08-04 00:00:00,LOC_1781,6.43,49.53,6.36,0
2026-04-01 00:00:00,LOC_1820,6.1,49.23,3.48,0
2026-04-03 00:00:00,LOC_1546,5.58,57.11,6.85,0
2025-04-28 00:00:00,LOC_1489,4.9,61.5,5.92,0
2026-08-11 00:00:00,LOC_950,5.61,81.55,9.14,0
2023-02-11 00:00:00,LOC_1052,7.64,45.99,4.43,0
2026-08-01 00:00:00,LOC_1572,6.61,76.75,8.79,0
2025-07-27 00:00:00,LOC_1195,8.36,66.57,6.9,1
2024-01-22 00:00:00,LOC_1087,5.66,54.4,3.38,0
2026-03-07 00:00:00,LOC_1221,6.64,64.64,9.8,0
2026-04-25 00:00:00,LOC_1707,6.79,55.0,6.59,0
2025-06-28 00:00:00,LOC_1959,6.55,69.8,5.04,0
2024-12-16 00:00:00,LOC_607,7.22,61.69,6.29,0
2024-03-06 00:00:00,LOC_1712,4.42,48.22,9.01,0
2024-07-07 00:00:00,LOC_1276,6.07,45.83,5.13,0
2026-12-10 00:00:00,LOC_1610,3.63,67.33,4.35,0
2025-03-10 00:00:00,LOC_1980,5.31,85.12,3.9,0
2024-03-01 00:00:00,LOC_1661,5.93,57.2,5.09,0
2026-12-10 00:00:00,LOC_1398,6.91,76.65,8.46,0
2023-01-26 00:00:00,LOC_836,8.7,72.93,6.3,1
2026-10-26 00:00:00,LOC_1107,6.6,86.58,4.59,0
2024-01-20 00:00:00,LOC_1338,7.46,81.05,4.16,0
2023-02-25 00:00:00,LOC_1993,6.04,68.33,5.33,0
2026-06-30 00:00:00,LOC_1102,6.8,72.85,9.58,0
2024-09-25 00:00:00,LOC_903,3.43,84.92,5.4,0
2023-04-16 00:00:00,LOC_1040,4.53,59.98,9.92,0
2026-02-27 00:00:00,LOC_1596,5.17,56.34,6.4,0
2025-04-28 00:00:00,LOC_524,5.83,40.54,4.25,0
2024-10-31 00:00:00,LOC_1124,3.27,81.33,9.24,0
2024-01-11 00:00:00,LOC_1580,3.84,80.05,6.22,0
2025-01-12 00:00:00,LOC_1486,4.66,45.22,7.97,0
2025-08-24 00:00:00,LOC_723,8.83,68.84,9.89,1
2023-11-04 00:00:00,LOC_679,4.99,63.2,3.35,0
2023-04-01 00:00:00,LOC_1300,5.89,45.94,3.68,0
2026-11-17 00:00:00,LOC_934,4.18,89.03,8.04,0
2025-03-12 00:00:00,LOC_1974,6.66,50.73,4.97,0
2023-04-20 00:00:00,LOC_1293,4.68,43.36,4.29,0
2024-08-07 00:00:00,LOC_1384,4.24,69.74,3.28,0
2023-12-06 00:00:00,LOC_992,6.1,76.94,3.15,0
2025-09-05 00:00:00,LOC_1713,3.03,41.62,8.42,0
2023-12-22 00:00:00,LOC_1310,3.05,72.94,3.94,0
2023-06-17 00:00:00,LOC_1461,4.31,66.61,6.27,0
2024-07-10 00:00:00,LOC_920,3.22,45.16,7.24,0
2027-01-15 00:00:00,LOC_1773,3.65,48.63,6.0,0
2025-06-23 00:00:00,LOC_1149,5.03,68.4,3.19,0
2023-04-15 00:00:00,LOC_1688,7.82,54.82,8.48,0
2023-05-30 00:00:00,LOC_1779,6.43,86.92,3.07,0
2023-05-26 00:00:00,LOC_976,6.08,80.94,8.33,0
2024-12-16 00:00:00,LOC_1941,4.76,89.18,9.25,0
2025-05-23 00:00:00,LOC_670,8.59,52.98,6.03,1
2023-10-26 00:00:00,LOC_1841,5.38,88.49,6.75,0
2026-04-05 00:00:00,LOC_674,3.52,61.56,6.34,0
2024-10-07 00:00:00,LOC_970,6.7,57.38,5.72,0
2024-12-23 00:00:00,LOC_845,3.68,42.52,9.21,0
2025-12-07 00:00:00,LOC_945,5.07,42.64,9.26,0
2024-09-29 00:00:00,LOC_1542,6.04,74.6,5.35,0
2023-08-27 00:00:00,LOC_1594,8.25,62.9,7.31,1
2025-10-27 00:00:00,LOC_1862,5.96,51.33,9.49,0
2024-04-08 00:00:00,LOC_1128,7.21,70.7,9.73,0
2024-03-28 00:00:00,LOC_1092,8.96,52.64,6.56,1
2025-02-22 00:00:00,LOC_1027,3.79,68.88,6.17,0
2025-06-15 00:00:00,LOC_956,4.65,57.96,4.95,0
2024-01-06 00:00:00,LOC_1793,5.37,81.18,9.71,0
2024-05-01 00:00:00,LOC_1311,5.53,81.03,4.0,0
2026-05-19 00:00:00,LOC_688,5.47,63.87,7.06,0
2023-06-14 00:00:00,LOC_1521,8.45,57.54,4.98,1
2026-02-22 00:00:00,LOC_1211,7.28,58.13,4.95,0
2026-09-22 00:00:00,LOC_1029,6.65,80.29,5.83,0
2023-07-11 00:00:00,LOC_934,4.86,56.41,9.99,0
2024-12-30 00:00:00,LOC_788,7.94,50.45,3.38,0
2023-08-02 00:00:00,LOC_999,8.73,44.23,7.05,1
2024-07-27 00:00:00,LOC_1965,7.93,63.33,3.58,0
2026-09-13 00:00:00,LOC_803,3.01,64.11,4.08,0
2025-08-14 00:00:00,LOC_587,6.82,82.05,6.08,0
2024-01-16 00:00:00,LOC_1330,3.31,51.06,6.57,0
2024-11-03 00:00:00,LOC_938,4.55,59.05,4.81,0
2025-03-08 00:00:00,LOC_1041,3.36,80.42,5.22,0
2023-08-27 00:00:00,LOC_1546,6.62,81.18,3.61,0
2024-11-30 00:00:00,LOC_1333,7.12,59.23,5.12,0
2026-01-10 00:00:00,LOC_1297,3.69,62.96,9.77,0
2026-10-18 00:00:00,LOC_1060,5.3,55.16,9.61,0
2024-05-19 00:00:00,LOC_1262,5.74,86.63,5.34,0
2023-07-21 00:00:00,LOC_967,5.21,45.93,7.0,0
2025-07-08 00:00:00,LOC_1625,3.73,86.69,9.37,0
2023-02-06 00:00:00,LOC_1175,5.51,74.19,3.04,0
2024-10-05 00:00:00,LOC_1185,7.51,66.58,8.67,0
2026-11-26 00:00:00,LOC_1665,3.43,41.63,9.64,0
2025-02-03 00:00:00,LOC_638,3.48,63.78,3.64,0
2024-12-06 00:00:00,LOC_1078,5.13,60.39,4.13,0
2026-04-14 00:00:00,LOC_1210,8.65,48.06,9.73,1
2024-06-28 00:00:00,LOC_728,7.01,72.82,6.76,0
2027-01-30 00:00:00,LOC_781,7.07,88.56,3.1,0
2026-05-09 00:00:00,LOC_1184,5.17,68.11,4.8,0
2024-06-23 00:00:00,LOC_1328,6.56,75.74,6.15,0
2025-10-13 00:00:00,LOC_931,3.06,43.42,7.85,0
2024-01-29 00:00:00,LOC_1564,6.82,60.88,8.13,0
2025-04-12 00:00:00,LOC_1735,8.48,45.82,9.97,1
2025-12-01 00:00:00,LOC_802,6.68,70.64,5.01,0
2024-08-19 00:00:00,LOC_1610,8.24,86.92,6.77,1
2024-01-28 00:00:00,LOC_1921,7.34,73.09,6.73,0
2024-11-30 00:00:00,LOC_1777,3.72,43.84,5.84,0
2024-03-16 00:00:00,LOC_1033,8.41,57.73,4.18,1
2025-07-06 00:00:00,LOC_1269,3.4,67.53,9.84,0
2023-11-16 00:00:00,LOC_1905,6.2,60.16,8.97,0
2024-07-06 00:00:00,LOC_944,3.85,81.68,6.49,0
2026-05-23 00:00:00,LOC_1557,3.07,80.73,7.22,0
2025-12-30 00:00:00,LOC_760,5.53,70.59,4.59,0
2024-07-21 00:00:00,LOC_1758,4.77,58.67,6.81,0
2025-07-07 00:00:00,LOC_1832,5.92,52.77,7.86,0
2023-08-24 00:00:00,LOC_1239,6.46,45.29,6.61,0
2026-07-28 00:00:00,LOC_1296,3.26,57.74,9.93,0
2025-09-13 00:00:00,LOC_570,3.74,60.66,7.28,0
2026-03-31 00:00:00,LOC_1978,6.35,73.79,5.6,0
2026-04-29 00:00:00,LOC_1963,5.06,72.91,8.41,0
2025-10-29 00:00:00,LOC_1888,7.38,43.51,4.19,0
2023-03-01 00:00:00,LOC_1483,6.91,59.76,5.69,0
2025-06-11 00:00:00,LOC_981,8.07,49.09,5.43,1
2023-08-13 00:00:00,LOC_1668,7.15,47.84,6.02,0
2024-11-30 00:00:00,LOC_524,5.58,81.37,8.47,0
2024-08-04 00:00:00,LOC_1465,7.04,42.1,6.39,0
2026-08-03 00:00:00,LOC_1949,4.65,60.96,8.56,0
2025-09-20 00:00:00,LOC_1246,4.84,48.41,7.04,0
2023-06-18 00:00:00,LOC_1345,7.73,83.97,5.39,0
2025-12-21 00:00:00,LOC_1699,5.68,67.85,8.67,0
2026-10-04 00:00:00,LOC_825,7.79,51.57,4.67,0
2027-01-05 00:00:00,LOC_1872,7.93,65.12,4.57,0
2023-01-14 00:00:00,LOC_1298,8.15,76.57,6.53,1
2023-06-13 00:00:00,LOC_518,8.5,87.91,4.83,1
2026-12-14 00:00:00,LOC_544,5.59,51.02,3.06,0
2025-01-26 00:00:00,LOC_655,4.91,84.31,7.54,0
2025-11-17 00:00:00,LOC_1367,6.49,86.72,6.58,0
2024-03-21 00:00:00,LOC_1422,5.23,85.82,6.12,0
2026-05-16 00:00:00,LOC_1901,6.61,71.77,9.77,0
2027-02-02 00:00:00,LOC_1243,7.23,71.49,7.0,0
2024-12-16 00:00:00,LOC_1926,7.13,60.16,9.04,0
2025-09-02 00:00:00,LOC_725,5.25,77.62,3.98,0
2025-03-29 00:00:00,LOC_717,4.0,66.56,6.98,0
2023-04-14 00:00:00,LOC_531,5.58,73.87,9.08,0
2025-01-11 00:00:00,LOC_1583,3.86,61.42,7.08,0
2024-03-01 00:00:00,LOC_1398,8.34,76.57,8.03,1
2026-01-29 00:00:00,LOC_1877,5.08,81.22,5.6,0
2024-09-30 00:00:00,LOC_1435,3.93,47.32,3.65,0
2025-04-29 00:00:00,LOC_945,3.15,81.65,6.21,0
2026-02-03 00:00:00,LOC_1759,6.87,67.01,5.76,0
2025-02-07 00:00:00,LOC_1631,6.82,82.23,9.07,0
2023-10-04 00:00:00,LOC_1715,5.04,61.57,4.71,0
2025-12-24 00:00:00,LOC_1030,3.43,58.95,9.77,0
2025-06-18 00:00:00,LOC_1238,5.46,85.75,9.71,0
2023-07-07 00:00:00,LOC_1374,4.87,52.56,4.73,0
2026-09-02 00:00:00,LOC_1066,7.06,82.21,5.44,0
2026-03-07 00:00:00,LOC_1769,6.63,64.2,9.27,0
2026-09-28 00:00:00,LOC_576,5.19,65.7,9.77,0
2023-04-15 00:00:00,LOC_1047,4.31,55.42,6.1,0
2024-06-29 00:00:00,LOC_767,8.93,68.65,5.25,1
2024-01-15 00:00:00,LOC_817,5.72,56.26,6.68,0
2023-04-20 00:00:00,LOC_1645,7.13,41.96,7.81,0
2024-06-28 00:00:00,LOC_525,3.84,53.6,4.91,0
2023-12-20 00:00:00,LOC_1956,5.91,40.32,8.16,0
2025-01-12 00:00:00,LOC_660,3.17,88.92,3.36,0
2023-11-13 00:00:00,LOC_1096,6.03,88.29,3.35,0
2026-07-13 00:00:00,LOC_1638,8.78,59.76,5.7,1
2025-12-24 00:00:00,LOC_1400,5.31,76.42,5.47,0
2023-11-29 00:00:00,LOC_1002,3.23,57.29,5.21,0
2026-03-02 00:00:00,LOC_1690,3.19,73.55,6.44,0
2024-08-14 00:00:00,LOC_1513,5.33,80.27,5.25,0
2025-02-21 00:00:00,LOC_1203,3.96,87.34,4.35,0
2024-06-23 00:00:00,LOC_1699,3.14,60.01,5.17,0
2025-01-04 00:00:00,LOC_501,7.54,79.16,9.82,0
2024-09-12 00:00:00,LOC_1241,5.75,53.3,5.88,0
2024-09-10 00:00:00,LOC_1610,4.74,89.52,6.11,0
2026-10-24 00:00:00,LOC_820,8.4,41.29,7.04,1
2025-06-27 00:00:00,LOC_1925,3.7,70.18,9.88,0
2025-09-18 00:00:00,LOC_882,8.74,72.98,4.69,1
2023-04-09 00:00:00,LOC_1842,4.88,74.4,7.77,0
2023-11-13 00:00:00,LOC_1774,8.33,46.02,8.01,1
2023-05-03 00:00:00,LOC_1398,6.62,86.93,7.25,0
2026-09-05 00:00:00,LOC_1217,7.96,49.06,3.62,0
2025-03-09 00:00:00,LOC_1780,8.9,71.14,7.74,1
2024-04-01 00:00:00,LOC_807,4.73,51.13,3.45,0
2024-06-05 00:00:00,LOC_1668,8.77,55.36,7.17,1
2024-06-03 00:00:00,LOC_891,5.34,67.32,8.18,0
2025-07-05 00:00:00,LOC_1693,5.31,60.86,4.48,0
2024-12-17 00:00:00,LOC_1490,5.04,48.01,8.89,0
2023-11-11 00:00:00,LOC_798,6.25,48.55,3.21,0
2024-12-09 00:00:00,LOC_733,3.92,60.91,8.91,0
2024-12-10 00:00:00,LOC_771,6.32,77.86,6.22,0
2025-11-09 00:00:00,LOC_1584,6.25,84.9,4.52,0
2024-07-13 00:00:00,LOC_1820,7.57,44.21,3.94,0
2025-08-26 00:00:00,LOC_1991,8.0,59.66,9.67,0
2026-02-27 00:00:00,LOC_1759,5.64,45.01,3.51,0
2026-08-09 00:00:00,LOC_1177,4.81,40.83,4.39,0
2026-03-01 00:00:00,LOC_1206,4.56,73.09,5.43,0
2023-12-22 00:00:00,LOC_734,4.17,70.12,7.34,0
2025-12-13 00:00:00,LOC_1892,3.35,48.15,6.81,0
2025-06-08 00:00:00,LOC_1345,5.05,51.69,3.88,0
2025-03-03 00:00:00,LOC_1756,4.62,41.19,5.03,0
2026-11-11 00:00:00,LOC_991,8.8,81.75,4.67,1
2023-09-22 00:00:00,LOC_1003,6.35,88.73,4.49,0
2025-09-08 00:00:00,LOC_1390,5.08,46.77,5.88,0
2026-05-23 00:00:00,LOC_1092,6.48,51.57,7.93,0
2027-01-23 00:00:00,LOC_1246,3.84,83.42,4.52,0
2027-01-21 00:00:00,LOC_1905,5.66,86.32,5.57,0
2025-03-12 00:00:00,LOC_928,6.76,60.98,5.74,0
2023-02-12 00:00:00,LOC_1197,5.93,42.53,9.84,0
2025-05-11 00:00:00,LOC_1146,5.41,41.97,9.68,0
2026-07-25 00:00:00,LOC_1232,8.96,68.7,8.6,1
2026-02-27 00:00:00,LOC_1300,8.28,59.64,4.69,1
2023-12-16 00:00:00,LOC_864,6.74,41.43,3.48,0
2026-02-03 00:00:00,LOC_702,6.42,69.16,5.22,0
2025-06-30 00:00:00,LOC_1382,6.72,40.57,4.87,0
2023-01-01 00:00:00,LOC_646,4.21,79.37,6.54,0
2024-08-06 00:00:00,LOC_1336,5.37,55.32,8.44,0
2024-03-07 00:00:00,LOC_1139,3.24,42.01,9.01,0
2026-08-22 00:00:00,LOC_1981,5.85,69.42,8.91,0
2023-02-22 00:00:00,LOC_635,6.26,59.88,5.52,0
2025-07-28 00:00:00,LOC_1126,4.37,88.69,7.81,0
2024-06-03 00:00:00,LOC_1788,8.78,67.21,5.19,1
2026-09-15 00:00:00,LOC_564,8.46,53.76,3.43,1
2026-09-10 00:00:00,LOC_991,7.33,75.47,7.91,0
2026-02-11 00:00:00,LOC_541,6.2,53.57,3.07,0
2023-05-27 00:00:00,LOC_1820,8.22,85.21,5.86,1
2026-04-04 00:00:00,LOC_1527,3.78,58.74,5.31,0
2026-11-03 00:00:00,LOC_1413,7.74,67.49,7.85,0
2026-03-08 00:00:00,LOC_1475,3.75,42.53,8.36,0
2024-09-20 00:00:00,LOC_1634,7.77,61.31,5.13,0
2023-10-26 00:00:00,LOC_1745,4.65,81.62,8.68,0
2026-07-23 00:00:00,LOC_1894,8.26,80.28,5.06,1
2025-02-27 00:00:00,LOC_868,8.66,51.22,6.12,1
2025-04-29 00:00:00,LOC_1960,3.89,51.3,8.09,0
2023-06-27 00:00:00,LOC_1418,5.78,80.87,7.85,0
2025-04-21 00:00:00,LOC_1528,8.89,86.52,9.91,1
2026-10-09 00:00:00,LOC_744,5.9,44.77,4.58,0
2026-03-23 00:00:00,LOC_1402,8.18,62.5,7.64,1
2026-05-09 00:00:00,LOC_666,6.53,56.87,7.27,0
2025-05-27 00:00:00,LOC_1550,5.25,83.53,9.41,0
2026-02-12 00:00:00,LOC_1919,4.71,44.18,4.09,0
2025-01-28 00:00:00,LOC_1998,4.22,50.56,8.26,0
2025-12-27 00:00:00,LOC_1541,7.57,77.62,6.98,0
2027-01-08 00:00:00,LOC_1228,5.32,42.56,4.92,0
2024-03-20 00:00:00,LOC_1616,6.07,64.63,6.32,0
2026-09-11 00:00:00,LOC_983,5.95,62.11,5.34,0
2024-12-08 00:00:00,LOC_1043,6.46,56.72,7.06,0
2024-08-24 00:00:00,LOC_1729,8.19,59.73,9.22,1
2026-10-14 00:00:00,LOC_1431,8.88,66.5,6.99,1
2023-05-25 00:00:00,LOC_900,5.45,48.07,7.42,0
2023-10-02 00:00:00,LOC_1731,7.97,68.6,6.63,0
2024-05-23 00:00:00,LOC_1119,7.59,80.27,3.36,0
2026-04-17 00:00:00,LOC_1670,6.44,78.01,4.63,0
2025-01-22 00:00:00,LOC_1379,8.74,47.69,6.44,1
2024-04-21 00:00:00,LOC_601,4.2,47.46,5.17,0
2026-12-08 00:00:00,LOC_1380,3.66,53.41,4.27,0
2026-03-22 00:00:00,LOC_1330,8.12,58.05,6.53,1
2026-02-01 00:00:00,LOC_1765,5.63,60.42,5.26,0
2026-01-03 00:00:00,LOC_1259,8.08,73.98,4.81,1
2026-02-25 00:00:00,LOC_663,8.36,42.83,6.25,1
2024-10-27 00:00:00,LOC_1697,3.37,41.73,3.93,0
2024-07-21 00:00:00,LOC_1002,8.3,59.6,9.49,1
2026-09-30 00:00:00,LOC_1047,5.69,74.86,9.07,0
2024-06-14 00:00:00,LOC_1808,6.06,49.67,7.95,0
2023-06-08 00:00:00,LOC_1883,6.76,72.08,3.74,0
2026-12-20 00:00:00,LOC_881,8.56,52.99,8.43,1
2024-11-11 00:00:00,LOC_1370,3.11,84.3,8.66,0
2023-01-23 00:00:00,LOC_1405,5.86,84.78,8.37,0
2025-12-06 00:00:00,LOC_1687,7.13,54.86,3.8,0
2024-06-08 00:00:00,LOC_1502,7.34,51.5,7.51,0
2024-12-29 00:00:00,LOC_1109,7.16,60.57,8.84,0
2023-05-24 00:00:00,LOC_807,3.81,52.03,7.04,0
2024-10-29 00:00:00,LOC_1863,4.8,73.62,7.52,0
2026-12-13 00:00:00,LOC_555,5.15,81.3,6.21,0
2024-11-11 00:00:00,LOC_1483,7.83,73.65,6.7,0
2025-08-30 00:00:00,LOC_833,4.67,81.22,3.24,0
2025-03-09 00:00:00,LOC_627,4.26,59.85,7.47,0
2023-03-26 00:00:00,LOC_1205,8.74,47.82,3.57,1
2024-02-20 00:00:00,LOC_743,3.05,76.9,6.05,0
2024-11-24 00:00:00,LOC_1100,8.99,58.02,5.05,1
2024-04-26 00:00:00,LOC_1933,7.06,73.56,6.82,0
2024-03-31 00:00:00,LOC_1003,7.97,53.53,3.93,0
2025-04-06 00:00:00,LOC_1104,4.77,44.06,7.84,0
2023-10-24 00:00:00,LOC_803,3.09,89.63,8.57,0
2026-02-09 00:00:00,LOC_1988,7.43,47.81,4.14,0
2026-06-07 00:00:00,LOC_735,8.0,89.42,3.73,0
2026-01-24 00:00:00,LOC_1562,7.44,88.86,4.02,0
2025-08-07 00:00:00,LOC_639,3.86,79.69,9.14,0
2024-11-10 00:00:00,LOC_695,7.52,72.97,6.7,0
2024-01-13 00:00:00,LOC_1147,7.61,68.89,6.27,0
2026-03-25 00:00:00,LOC_501,6.95,83.31,3.75,0
2024-02-25 00:00:00,LOC_1061,7.6,54.47,7.55,0
2023-04-15 00:00:00,LOC_1620,8.08,63.38,9.08,1
2023-11-26 00:00:00,LOC_1213,6.68,70.97,8.8,0
2024-03-14 00:00:00,LOC_913,3.53,60.56,7.38,0
2026-03-01 00:00:00,LOC_1038,5.93,61.37,3.53,0
2024-01-17 00:00:00,LOC_929,3.47,56.51,3.79,0
2023-05-18 00:00:00,LOC_735,5.45,68.21,3.35,0
2025-07-31 00:00:00,LOC_849,5.44,82.53,4.8,0
2025-04-22 00:00:00,LOC_896,3.4,50.08,3.95,0
2023-09-27 00:00:00,LOC_1875,5.09,86.72,4.82,0
2024-01-31 00:00:00,LOC_916,3.67,74.45,5.7,0
2025-07-01 00:00:00,LOC_1416,7.85,81.16,9.6,0
2024-04-08 00:00:00,LOC_1575,8.69,67.81,7.27,1
2024-03-25 00:00:00,LOC_581,3.43,78.98,8.84,0
2026-09-16 00:00:00,LOC_536,8.73,40.81,7.97,1
2026-06-30 00:00:00,LOC_1591,6.14,80.92,3.79,0
2026-08-01 00:00:00,LOC_1141,4.8,42.01,8.15,0
2026-07-21 00:00:00,LOC_1382,3.46,84.5,4.93,0
2023-01-20 00:00:00,LOC_1257,6.0,89.6,7.47,0
2023-08-27 00:00:00,LOC_1123,7.77,54.7,5.39,0
2026-07-17 00:00:00,LOC_968,7.24,50.52,9.98,0
2024-02-22 00:00:00,LOC_1666,3.3,78.27,4.84,0
2026-08-26 00:00:00,LOC_856,3.44,52.65,4.95,0
2025-11-20 00:00:00,LOC_1209,5.42,83.28,9.51,0
2026-02-01 00:00:00,LOC_1995,4.77,45.14,3.17,0
2023-07-05 00:00:00,LOC_1520,4.39,46.3,7.88,0
2026-02-25 00:00:00,LOC_1402,4.69,88.96,8.08,0
2026-05-18 00:00:00,LOC_1173,7.82,73.69,8.85,0
2026-12-08 00:00:00,LOC_939,8.58,82.34,9.82,1
2026-07-28 00:00:00,LOC_1031,5.43,56.22,9.83,0
2023-09-10 00:00:00,LOC_627,8.44,73.82,3.46,1
2023-01-19 00:00:00,LOC_705,4.93,69.71,8.75,0
2024-12-12 00:00:00,LOC_529,5.86,70.16,7.52,0
2026-03-05 00:00:00,LOC_945,4.36,74.13,7.53,0
2023-08-11 00:00:00,LOC_1466,6.84,68.77,3.9,0
2023-01-03 00:00:00,LOC_964,8.87,61.45,7.55,1
2026-06-13 00:00:00,LOC_1804,6.62,53.8,9.88,0
2025-05-03 00:00:00,LOC_651,5.15,78.43,9.38,0
2027-01-28 00:00:00,LOC_740,6.89,51.31,6.07,0
2023-08-16 00:00:00,LOC_766,3.74,74.62,3.28,0
2025-07-01 00:00:00,LOC_1629,8.33,51.67,5.54,1
2024-05-13 00:00:00,LOC_1957,6.02,71.27,8.78,0
2024-06-04 00:00:00,LOC_1413,5.7,77.35,7.91,0
2024-12-02 00:00:00,LOC_997,6.52,50.94,6.22,0
2025-07-05 00:00:00,LOC_1964,6.75,43.0,3.39,0
2026-03-08 00:00:00,LOC_1185,3.43,46.55,5.99,0
2026-07-23 00:00:00,LOC_658,7.1,70.3,6.28,0
2023-10-18 00:00:00,LOC_672,4.45,82.47,9.5,0
2025-12-12 00:00:00,LOC_994,7.28,42.25,7.49,0
2026-02-07 00:00:00,LOC_1470,7.94,76.71,5.18,0
2024-12-15 00:00:00,LOC_1835,7.82,57.07,6.68,0
2025-08-05 00:00:00,LOC_1927,6.32,63.93,3.46,0
2024-10-09 00:00:00,LOC_1176,6.12,86.44,9.81,0
2025-10-24 00:00:00,LOC_1159,3.86,56.6,5.52,0
2024-11-14 00:00:00,LOC_1403,7.65,63.27,6.35,0
2025-05-19 00:00:00,LOC_1166,4.63,40.68,5.49,0
2025-12-06 00:00:00,LOC_1987,5.98,44.08,7.78,0
2023-04-04 00:00:00,LOC_867,4.71,52.93,7.64,0
2025-07-28 00:00:00,LOC_1050,3.8,41.39,8.01,0
2024-07-13 00:00:00,LOC_1143,6.78,71.57,4.88,0
2023-08-01 00:00:00,LOC_755,3.33,61.32,5.21,0
2024-03-11 00:00:00,LOC_708,7.49,67.41,3.88,0
2025-05-01 00:00:00,LOC_950,4.91,48.73,7.59,0
2024-05-22 00:00:00,LOC_595,3.0,54.8,3.28,0
2025-04-15 00:00:00,LOC_1339,6.07,73.19,7.18,0
2024-10-12 00:00:00,LOC_978,3.28,88.27,9.09,0
2023-07-24 00:00:00,LOC_1183,4.66,42.52,9.24,0
2024-01-16 00:00:00,LOC_1262,7.24,84.52,6.14,0
2026-01-01 00:00:00,LOC_690,3.38,68.84,6.22,0
2026-01-04 00:00:00,LOC_1211,8.04,68.2,3.54,1
2023-03-18 00:00:00,LOC_1256,3.02,65.01,7.7,0
2025-03-26 00:00:00,LOC_1947,4.48,43.47,8.75,0
2025-02-06 00:00:00,LOC_1336,7.45,44.49,4.71,0
2024-02-14 00:00:00,LOC_633,4.9,70.05,5.95,0
2023-04-16 00:00:00,LOC_555,3.61,57.05,8.87,0
2024-07-04 00:00:00,LOC_1010,5.16,85.86,9.14,0
2027-02-08 00:00:00,LOC_1170,4.62,60.33,4.7,0
2025-04-05 00:00:00,LOC_910,8.06,47.16,6.85,1
2026-07-22 00:00:00,LOC_1735,4.88,75.74,4.35,0
2023-03-29 00:00:00,LOC_1817,7.73,54.67,3.71,0
2025-05-30 00:00:00,LOC_1487,8.35,66.27,9.38,1
2026-01-05 00:00:00,LOC_1234,5.6,74.89,8.74,0
2026-01-05 00:00:00,LOC_1639,8.46,85.01,8.32,1
2027-01-05 00:00:00,LOC_759,5.26,79.61,3.34,0
2024-06-23 00:00:00,LOC_1646,8.78,73.82,8.91,1
2023-09-02 00:00:00,LOC_799,3.54,73.98,6.07,0
2024-07-31 00:00:00,LOC_1905,7.12,87.3,5.4,0
2026-11-06 00:00:00,LOC_1061,5.96,54.79,6.83,0
2025-09-08 00:00:00,LOC_797,5.33,40.06,3.64,0
2024-12-17 00:00:00,LOC_862,6.8,53.6,8.3,0
2023-05-22 00:00:00,LOC_1089,7.22,50.89,7.08,0
2025-06-11 00:00:00,LOC_1987,3.03,73.09,4.31,0
2026-10-23 00:00:00,LOC_1962,4.0,71.69,4.32,0
2026-01-12 00:00:00,LOC_627,7.28,69.67,4.29,0
2026-03-12 00:00:00,LOC_697,7.0,40.81,3.4,0
2023-12-18 00:00:00,LOC_721,8.8,76.44,7.11,1
2024-06-28 00:00:00,LOC_1495,7.57,56.18,8.88,0
2025-07-01 00:00:00,LOC_591,8.7,73.25,3.12,1
2023-06-01 00:00:00,LOC_911,7.22,67.83,3.34,0
2026-03-27 00:00:00,LOC_508,4.79,57.14,7.01,0
2027-01-09 00:00:00,LOC_1044,3.63,46.73,8.74,0
2024-10-14 00:00:00,LOC_968,7.69,44.72,5.29,0
2025-08-15 00:00:00,LOC_820,6.86,81.58,5.45,0
2025-02-01 00:00:00,LOC_1918,3.29,85.92,7.17,0
2026-08-19 00:00:00,LOC_769,5.16,72.49,4.92,0
2024-09-15 00:00:00,LOC_1715,8.74,45.17,3.19,1
2024-10-17 00:00:00,LOC_561,6.0,60.1,8.15,0
2024-03-25 00:00:00,LOC_1962,5.6,76.45,7.38,0
2024-12-21 00:00:00,LOC_1788,5.75,78.99,7.07,0
2026-06-01 00:00:00,LOC_1297,4.25,45.91,8.19,0
2023-02-12 00:00:00,LOC_1619,5.21,40.0,7.73,0
2023-09-21 00:00:00,LOC_1053,5.22,75.61,4.44,0
2025-10-23 00:00:00,LOC_1426,3.31,57.83,5.47,0
2026-07-15 00:00:00,LOC_1994,7.61,52.72,3.88,0
2024-08-18 00:00:00,LOC_1161,5.5,40.64,3.91,0
2025-11-05 00:00:00,LOC_1216,7.93,67.01,7.73,0
2026-09-19 00:00:00,LOC_1279,8.1,82.56,9.01,1
2027-01-27 00:00:00,LOC_694,4.27,87.88,9.74,0
2025-12-18 00:00:00,LOC_982,6.94,68.29,7.4,0
2025-10-09 00:00:00,LOC_1860,5.83,65.72,4.29,0
2023-06-26 00:00:00,LOC_1959,8.28,44.25,3.74,1
2023-03-04 00:00:00,LOC_1720,4.29,67.44,8.69,0
2025-08-15 00:00:00,LOC_1355,7.07,59.0,7.05,0
2025-09-29 00:00:00,LOC_1773,6.65,70.36,7.33,0
2024-07-14 00:00:00,LOC_998,4.77,59.44,8.47,0
2026-08-23 00:00:00,LOC_712,3.82,52.01,7.92,0
2026-06-23 00:00:00,LOC_1165,6.91,44.75,8.84,0
2026-08-05 00:00:00,LOC_1170,7.43,55.75,3.39,0
2025-08-12 00:00:00,LOC_1990,4.89,44.83,8.23,0
2026-09-17 00:00:00,LOC_721,6.87,48.84,8.96,0
2025-04-29 00:00:00,LOC_773,5.37,89.37,5.0,0
2026-07-02 00:00:00,LOC_1678,7.28,62.21,7.48,0
2024-08-26 00:00:00,LOC_1773,4.2,66.59,5.2,0
2024-08-28 00:00:00,LOC_779,8.34,83.68,9.71,1
2025-04-09 00:00:00,LOC_1964,4.72,89.78,3.23,0
2027-01-26 00:00:00,LOC_1316,5.21,69.14,7.06,0
2026-05-07 00:00:00,LOC_776,3.35,80.62,4.17,0
2026-07-18 00:00:00,LOC_1505,3.67,56.35,7.99,0
2025-01-15 00:00:00,LOC_1014,6.1,55.29,4.23,0
2024-07-11 00:00:00,LOC_1612,4.61,60.14,4.65,0
2023-03-05 00:00:00,LOC_1423,8.01,73.63,6.46,1
2026-06-07 00:00:00,LOC_1142,3.09,74.11,9.4,0
2025-07-30 00:00:00,LOC_1005,5.27,55.76,4.48,0
2023-09-06 00:00:00,LOC_1090,5.02,46.66,4.01,0
2026-06-23 00:00:00,LOC_1272,3.12,71.62,8.31,0
2025-07-28 00:00:00,LOC_1765,3.75,46.42,6.5,0
2023-06-06 00:00:00,LOC_1240,5.48,68.92,9.38,0
2025-01-04 00:00:00,LOC_1175,5.96,74.67,4.03,0
2025-09-11 00:00:00,LOC_1760,5.43,75.03,7.52,0
2026-01-16 00:00:00,LOC_1514,6.19,77.67,4.63,0
2026-08-29 00:00:00,LOC_628,6.57,83.64,4.1,0
2025-12-25 00:00:00,LOC_1003,3.06,65.0,7.78,0
2024-10-23 00:00:00,LOC_1724,5.78,76.51,7.16,0
2025-11-09 00:00:00,LOC_1402,8.78,70.96,8.28,1
2023-02-02 00:00:00,LOC_1043,6.11,49.33,5.17,0
2024-07-11 00:00:00,LOC_992,7.07,41.28,6.14,0
2023-03-14 00:00:00,LOC_1545,4.87,54.23,5.84,0
2025-04-04 00:00:00,LOC_1758,7.64,62.15,9.89,0
2026-09-28 00:00:00,LOC_1214,7.64,70.86,5.05,0
2026-03-02 00:00:00,LOC_1291,6.13,82.5,5.06,0
2025-12-14 00:00:00,LOC_916,8.86,49.81,5.48,1
2023-03-02 00:00:00,LOC_648,3.75,46.28,6.95,0
2023-09-29 00:00:00,LOC_1470,3.1,88.17,4.77,0
2023-09-03 00:00:00,LOC_529,7.62,45.4,9.41,0
2026-04-14 00:00:00,LOC_1885,7.84,63.92,4.86,0
2024-09-19 00:00:00,LOC_808,3.72,69.28,9.27,0
2026-09-02 00:00:00,LOC_662,4.59,67.07,3.72,0
2024-12-05 00:00:00,LOC_1369,3.11,44.3,7.6,0
2024-10-23 00:00:00,LOC_1352,4.76,42.85,9.35,0
2026-02-28 00:00:00,LOC_561,7.64,45.27,4.18,0
2026-01-30 00:00:00,LOC_625,6.11,69.28,9.78,0
2023-11-06 00:00:00,LOC_1980,5.09,67.22,6.17,0
2026-08-08 00:00:00,LOC_1595,5.23,51.69,9.62,0
2024-05-09 00:00:00,LOC_1338,3.01,71.89,7.74,0
2026-10-16 00:00:00,LOC_966,4.8,81.0,5.11,0
2023-12-04 00:00:00,LOC_743,6.88,42.08,4.32,0
2024-08-01 00:00:00,LOC_1745,8.85,64.91,5.13,1
2023-01-10 00:00:00,LOC_973,8.08,74.47,3.65,1
2023-02-18 00:00:00,LOC_1459,3.14,52.62,4.01,0
2024-09-14 00:00:00,LOC_1033,8.39,55.39,3.73,1
2026-09-06 00:00:00,LOC_994,7.7,70.68,5.96,0
2024-12-31 00:00:00,LOC_1399,7.68,84.9,8.57,0
2025-03-05 00:00:00,LOC_582,5.75,80.5,3.99,0
2025-08-28 00:00:00,LOC_1356,5.39,69.16,3.91,0
2023-05-13 00:00:00,LOC_1379,4.82,76.51,7.5,0
2023-03-24 00:00:00,LOC_1423,3.39,58.24,4.38,0
2023-02-26 00:00:00,LOC_512,4.37,72.05,3.68,0
2024-01-11 00:00:00,LOC_1787,4.48,63.31,4.17,0
2023-12-15 00:00:00,LOC_949,5.9,49.5,9.47,0
2023-09-28 00:00:00,LOC_1716,7.48,75.09,8.75,0
2023-04-21 00:00:00,LOC_1262,5.84,67.82,5.48,0
2025-05-18 00:00:00,LOC_1638,3.35,57.93,7.59,0
2025-06-05 00:00:00,LOC_526,8.75,85.57,6.76,1
2023-03-17 00:00:00,LOC_1008,8.66,41.05,7.74,1
2026-03-27 00:00:00,LOC_562,7.71,55.79,7.78,0
2023-11-25 00:00:00,LOC_729,8.95,42.84,7.4,1
2023-05-02 00:00:00,LOC_1107,6.27,78.33,4.86,0
2023-02-10 00:00:00,LOC_1559,8.78,75.11,3.27,1
2026-04-05 00:00:00,LOC_1980,3.45,56.57,6.19,0
2025-07-10 00:00:00,LOC_1391,5.19,73.78,9.24,0
2024-10-03 00:00:00,LOC_1261,4.35,59.8,6.99,0
2025-11-12 00:00:00,LOC_1095,4.17,77.81,8.83,0
2023-10-06 00:00:00,LOC_1549,3.84,62.71,9.94,0
2025-02-01 00:00:00,LOC_1556,6.73,60.61,4.15,0
2024-04-13 00:00:00,LOC_1536,7.69,86.74,7.84,0
2026-11-24 00:00:00,LOC_1843,6.47,52.54,7.72,0
2023-01-09 00:00:00,LOC_501,3.88,46.02,9.86,0
2023-01-13 00:00:00,LOC_1959,7.87,69.23,9.9,0
2025-07-12 00:00:00,LOC_1660,6.82,88.47,7.81,0
2025-07-11 00:00:00,LOC_1720,5.33,58.89,4.71,0
2025-12-11 00:00:00,LOC_633,7.04,43.1,8.59,0
2026-05-17 00:00:00,LOC_586,4.56,56.97,3.75,0
2026-11-26 00:00:00,LOC_2000,5.07,65.3,8.46,0
2026-04-29 00:00:00,LOC_1848,8.5,48.1,9.37,1
2025-12-10 00:00:00,LOC_1704,4.74,72.91,5.68,0
2026-11-17 00:00:00,LOC_1016,5.82,89.89,7.41,0
2024-10-14 00:00:00,LOC_675,8.34,62.59,6.01,1
2024-09-12 00:00:00,LOC_1263,7.25,57.74,6.06,0
2026-08-16 00:00:00,LOC_1545,3.37,60.04,5.17,0
2023-07-15 00:00:00,LOC_1497,3.88,45.76,8.33,0
2024-02-21 00:00:00,LOC_1629,3.05,84.16,9.55,0
2024-10-25 00:00:00,LOC_1078,6.79,60.74,9.59,0
2026-12-14 00:00:00,LOC_1967,5.69,59.36,4.22,0
2026-10-11 00:00:00,LOC_549,3.81,72.98,9.12,0
2023-05-28 00:00:00,LOC_1028,8.75,62.1,8.16,1
2025-09-27 00:00:00,LOC_645,6.18,72.41,4.77,0
2026-10-20 00:00:00,LOC_1864,4.45,43.07,3.47,0
2023-12-30 00:00:00,LOC_1262,6.0,80.69,4.88,0
2024-02-06 00:00:00,LOC_1878,7.08,87.03,9.39,0
2024-08-28 00:00:00,LOC_1599,3.46,72.44,7.43,0
2023-08-17 00:00:00,LOC_1429,4.65,87.73,8.05,0
2024-06-20 00:00:00,LOC_1294,7.84,47.57,4.8,0
2023-09-25 00:00:00,LOC_819,5.76,63.87,8.04,0
2026-11-29 00:00:00,LOC_1611,6.28,70.09,3.2,0
2025-10-31 00:00:00,LOC_1198,5.6,69.09,5.63,0
2026-09-05 00:00:00,LOC_1347,3.26,60.07,7.39,0
2023-05-06 00:00:00,LOC_1283,3.99,56.9,4.02,0
2023-11-02 00:00:00,LOC_542,5.67,46.34,8.76,0
2026-01-17 00:00:00,LOC_1617,4.26,59.59,4.65,0
2026-10-10 00:00:00,LOC_1029,3.3,48.13,7.57,0
2024-09-19 00:00:00,LOC_1789,8.06,76.72,5.84,1
2026-10-07 00:00:00,LOC_792,8.89,50.44,7.17,1
2024-11-19 00:00:00,LOC_1469,7.76,42.93,3.75,0
2025-11-03 00:00:00,LOC_1988,8.12,67.62,3.12,1
2026-07-04 00:00:00,LOC_597,4.45,69.76,9.37,0
2026-05-17 00:00:00,LOC_1619,8.76,83.6,4.89,1
2023-10-08 00:00:00,LOC_1850,4.18,68.85,8.74,0
2024-03-18 00:00:00,LOC_574,8.71,57.27,10.0,1
2025-04-16 00:00:00,LOC_1860,8.97,80.15,4.48,1
2024-01-24 00:00:00,LOC_1592,7.27,67.01,4.86,0
2024-09-08 00:00:00,LOC_1258,8.89,43.96,7.64,1
2023-05-27 00:00:00,LOC_1601,6.42,68.29,9.76,0
2026-07-26 00:00:00,LOC_708,4.56,85.4,9.41,0
2024-06-04 00:00:00,LOC_1745,5.62,59.82,6.52,0
2024-09-21 00:00:00,LOC_1786,6.56,54.82,8.57,0
2024-03-09 00:00:00,LOC_910,3.44,47.17,3.95,0
2023-05-24 00:00:00,LOC_831,6.73,47.57,9.84,0
2023-10-16 00:00:00,LOC_844,8.89,61.64,9.75,1
2026-11-10 00:00:00,LOC_1489,4.14,69.78,4.15,0
2023-01-14 00:00:00,LOC_1271,7.76,44.03,5.1,0
2023-09-14 00:00:00,LOC_574,8.45,86.98,3.7,1
2026-10-01 00:00:00,LOC_754,8.66,77.76,4.9,1
2026-09-30 00:00:00,LOC_1459,8.76,69.33,8.71,1
2026-11-24 00:00:00,LOC_1320,6.13,81.42,5.65,0
2026-05-15 00:00:00,LOC_1486,8.86,44.01,3.62,1
2025-05-07 00:00:00,LOC_832,7.54,63.84,5.4,0
2025-07-31 00:00:00,LOC_1922,3.97,71.5,9.87,0
2026-04-10 00:00:00,LOC_1869,5.86,81.43,7.41,0
2024-04-08 00:00:00,LOC_1247,7.31,79.17,5.91,0
2023-09-27 00:00:00,LOC_1336,4.48,53.85,4.17,0
2026-05-29 00:00:00,LOC_955,6.84,87.04,9.9,0
2026-03-21 00:00:00,LOC_1639,7.0,46.22,8.75,0
2024-09-14 00:00:00,LOC_813,3.98,83.76,4.97,0
2026-04-21 00:00:00,LOC_1518,6.39,88.55,3.49,0
2026-11-23 00:00:00,LOC_728,7.63,48.86,3.4,0
2023-03-13 00:00:00,LOC_1334,5.99,76.1,3.84,0
2026-12-12 00:00:00,LOC_1358,3.07,42.01,7.07,0
2026-07-30 00:00:00,LOC_1769,3.05,60.27,9.5,0
2023-03-15 00:00:00,LOC_1318,5.14,65.81,6.48,0
2023-12-21 00:00:00,LOC_1518,8.56,69.03,8.9,1
2024-05-11 00:00:00,LOC_1028,4.37,86.8,6.12,0
2026-09-13 00:00:00,LOC_1450,6.81,73.61,7.96,0
2025-09-14 00:00:00,LOC_927,4.33,64.06,8.12,0
2024-08-02 00:00:00,LOC_542,4.93,80.48,4.22,0
2025-06-28 00:00:00,LOC_965,8.09,87.53,5.53,1
2027-01-10 00:00:00,LOC_778,7.37,41.1,7.46,0
2024-01-08 00:00:00,LOC_1336,3.57,89.13,3.49,0
2023-12-28 00:00:00,LOC_519,5.57,44.31,5.53,0
2023-04-03 00:00:00,LOC_566,3.18,80.72,6.74,0
2026-09-06 00:00:00,LOC_667,5.89,54.02,9.97,0
2023-11-20 00:00:00,LOC_1520,6.97,46.61,6.32,0
2024-01-19 00:00:00,LOC_903,3.71,61.99,8.71,0
2024-07-28 00:00:00,LOC_909,4.73,72.2,6.02,0
2025-01-05 00:00:00,LOC_612,5.39,59.05,8.57,0
2025-01-06 00:00:00,LOC_1798,8.52,42.73,7.17,1
2023-12-12 00:00:00,LOC_1931,8.96,69.97,9.21,1
2026-01-31 00:00:00,LOC_1897,3.27,85.12,5.88,0
2026-05-23 00:00:00,LOC_1097,7.57,59.16,7.23,0
2026-04-30 00:00:00,LOC_1151,5.23,50.82,7.41,0
2024-12-19 00:00:00,LOC_1563,5.35,62.13,5.92,0
2025-02-19 00:00:00,LOC_605,7.53,42.42,4.01,0
2025-10-16 00:00:00,LOC_824,8.51,81.02,3.65,1
2026-05-02 00:00:00,LOC_1492,8.71,81.32,3.12,1
2026-11-04 00:00:00,LOC_1938,6.46,69.4,9.11,0
2026-11-27 00:00:00,LOC_929,5.14,57.66,4.66,0
2024-10-25 00:00:00,LOC_1135,7.73,79.99,4.48,0
2024-08-22 00:00:00,LOC_1230,4.51,67.73,8.15,0
2023-01-11 00:00:00,LOC_1389,6.38,81.3,5.24,0
2023-07-06 00:00:00,LOC_1585,5.15,71.57,6.54,0
2024-12-26 00:00:00,LOC_1831,6.94,79.22,4.14,0
2025-11-04 00:00:00,LOC_1878,4.44,69.93,9.72,0
2025-02-16 00:00:00,LOC_893,4.15,60.71,8.96,0
2026-08-13 00:00:00,LOC_704,8.51,87.9,9.05,1
2024-02-15 00:00:00,LOC_758,3.61,67.06,5.85,0
2025-08-13 00:00:00,LOC_986,6.04,70.25,8.34,0
2024-08-07 00:00:00,LOC_946,4.33,51.02,4.01,0
2025-12-11 00:00:00,LOC_1704,3.23,71.28,3.06,0
2025-11-17 00:00:00,LOC_1524,3.22,68.58,3.14,0
2024-07-30 00:00:00,LOC_842,4.05,49.24,7.11,0
2025-11-06 00:00:00,LOC_633,8.2,42.98,6.19,1
2026-10-06 00:00:00,LOC_943,4.69,70.22,6.63,0
2026-12-22 00:00:00,LOC_753,8.7,78.18,3.05,1
2026-06-06 00:00:00,LOC_765,6.49,66.17,5.96,0
2025-09-15 00:00:00,LOC_593,5.62,51.34,8.03,0
2026-05-18 00:00:00,LOC_1935,6.48,73.33,6.1,0
2026-12-25 00:00:00,LOC_638,6.1,44.01,8.13,0
2026-08-10 00:00:00,LOC_1732,7.55,62.09,4.63,0
2025-01-12 00:00:00,LOC_1502,4.69,48.17,8.69,0
2026-02-01 00:00:00,LOC_807,5.12,49.22,7.12,0
2023-07-23 00:00:00,LOC_766,8.36,50.11,4.48,1
2025-12-12 00:00:00,LOC_1146,8.68,59.34,4.66,1
2025-08-31 00:00:00,LOC_818,8.36,42.56,7.4,1
2025-07-28 00:00:00,LOC_1637,5.52,59.89,8.81,0
2026-10-30 00:00:00,LOC_1401,7.68,65.59,5.91,0
2025-12-13 00:00:00,LOC_1902,5.86,64.16,4.81,0
2026-07-23 00:00:00,LOC_954,5.99,59.14,9.07,0
2026-09-20 00:00:00,LOC_691,4.23,81.96,7.68,0
2025-11-20 00:00:00,LOC_1964,6.55,47.27,6.14,0
2026-03-04 00:00:00,LOC_1711,4.12,65.28,6.42,0
2025-12-17 00:00:00,LOC_1331,4.99,43.1,4.43,0
2023-04-15 00:00:00,LOC_1891,8.13,43.56,7.39,1
2026-07-13 00:00:00,LOC_1613,4.24,68.69,5.51,0
2023-09-10 00:00:00,LOC_687,3.43,68.3,9.97,0
2023-10-22 00:00:00,LOC_1319,3.41,83.9,6.36,0
2024-10-29 00:00:00,LOC_1521,8.64,67.89,6.4,1
2026-03-27 00:00:00,LOC_632,6.04,87.99,6.96,0
2024-07-02 00:00:00,LOC_1372,5.46,42.43,9.42,0
2024-09-22 00:00:00,LOC_1135,7.87,44.9,8.61,0
2025-12-26 00:00:00,LOC_1900,8.01,42.2,6.16,1
2023-10-26 00:00:00,LOC_1191,4.99,49.26,8.03,0
2027-01-26 00:00:00,LOC_1192,7.16,67.06,7.1,0
2023-04-11 00:00:00,LOC_1623,7.63,72.28,6.45,0
2025-12-15 00:00:00,LOC_1558,6.93,42.28,4.35,0
2023-11-28 00:00:00,LOC_1082,3.91,87.3,6.25,0
2025-04-15 00:00:00,LOC_671,8.26,82.11,4.72,1
2024-01-28 00:00:00,LOC_1890,6.23,54.83,9.4,0
2025-05-23 00:00:00,LOC_1284,4.69,43.86,5.35,0
2024-01-16 00:00:00,LOC_1583,5.55,48.49,9.67,0
2023-04-02 00:00:00,LOC_681,3.23,46.35,6.73,0
2024-03-22 00:00:00,LOC_519,3.77,46.16,7.42,0
2023-04-19 00:00:00,LOC_1750,7.59,65.93,6.8,0
2023-11-13 00:00:00,LOC_1997,3.0,52.29,3.91,0
2026-04-06 00:00:00,LOC_1619,5.5,57.91,5.63,0
2026-12-29 00:00:00,LOC_1381,6.14,89.48,3.69,0
2024-03-17 00:00:00,LOC_1821,3.33,74.22,7.36,0
2023-08-06 00:00:00,LOC_675,8.84,87.45,6.13,1
2026-05-30 00:00:00,LOC_1746,4.36,47.13,8.45,0
2024-11-03 00:00:00,LOC_554,4.83,59.11,4.54,0
2023-10-05 00:00:00,LOC_1195,4.82,67.74,4.15,0
2025-10-05 00:00:00,LOC_1363,4.38,43.84,5.84,0
2024-07-22 00:00:00,LOC_1927,3.01,40.21,9.49,0
2025-10-06 00:00:00,LOC_1842,7.38,73.52,7.97,0
2025-05-24 00:00:00,LOC_849,8.8,72.09,5.93,1
2024-04-10 00:00:00,LOC_943,4.35,60.54,6.62,0
2025-04-18 00:00:00,LOC_1333,6.98,64.48,3.59,0
2025-01-23 00:00:00,LOC_1080,7.45,60.77,9.89,0
2025-04-17 00:00:00,LOC_782,8.09,41.2,7.66,1
2023-01-30 00:00:00,LOC_860,5.54,56.77,5.0,0
2023-12-25 00:00:00,LOC_1415,4.82,48.85,7.1,0
2026-08-04 00:00:00,LOC_1323,4.95,44.92,3.77,0
2023-03-27 00:00:00,LOC_1392,7.28,87.84,9.76,0
2026-06-11 00:00:00,LOC_1453,7.9,69.97,4.22,0
2025-01-16 00:00:00,LOC_1141,4.09,76.43,7.54,0
2023-11-09 00:00:00,LOC_1532,5.23,55.77,4.72,0
2023-12-31 00:00:00,LOC_1063,8.41,59.66,8.02,1
2025-06-23 00:00:00,LOC_991,7.84,51.85,8.44,0
2026-07-16 00:00:00,LOC_841,8.91,44.85,7.71,1
2024-11-28 00:00:00,LOC_972,7.53,48.95,7.3,0
2023-05-11 00:00:00,LOC_749,5.36,79.88,9.25,0
2025-03-13 00:00:00,LOC_735,6.54,73.88,3.55,0
2025-02-27 00:00:00,LOC_1607,6.97,67.35,5.32,0
2023-12-17 00:00:00,LOC_1617,3.47,63.75,4.74,0
2023-06-29 00:00:00,LOC_1918,6.27,86.12,9.92,0
2026-04-01 00:00:00,LOC_1324,7.26,43.64,5.73,0
2026-01-24 00:00:00,LOC_1792,4.0,54.03,8.13,0
2025-02-12 00:00:00,LOC_1941,7.68,57.5,7.79,0
2024-05-24 00:00:00,LOC_1132,6.5,79.12,4.48,0
2023-12-31 00:00:00,LOC_1029,8.71,89.63,4.67,1
2025-09-07 00:00:00,LOC_1777,3.25,52.03,4.97,0
2023-12-19 00:00:00,LOC_622,4.59,83.72,5.88,0
2025-03-10 00:00:00,LOC_1392,6.61,81.53,4.64,0
2026-12-30 00:00:00,LOC_510,4.78,51.23,3.14,0
2026-01-11 00:00:00,LOC_1840,7.29,59.97,9.16,0
2026-06-02 00:00:00,LOC_1338,7.55,60.48,9.76,0
2024-02-16 00:00:00,LOC_1797,3.62,88.91,5.39,0
2025-01-04 00:00:00,LOC_1830,6.08,49.04,5.37,0
2025-09-07 00:00:00,LOC_1734,6.05,79.96,3.05,0
2023-04-28 00:00:00,LOC_1253,5.22,56.71,7.76,0
2024-04-26 00:00:00,LOC_1386,8.6,76.54,8.78,1
2023-07-11 00:00:00,LOC_964,7.97,61.0,4.03,0
2024-08-13 00:00:00,LOC_1212,7.18,68.92,4.12,0
2024-08-12 00:00:00,LOC_1228,7.29,81.63,8.53,0
2024-10-20 00:00:00,LOC_1217,5.77,80.21,7.31,0
2023-04-17 00:00:00,LOC_1940,8.53,83.32,3.31,1
2024-01-17 00:00:00,LOC_1740,7.17,42.98,7.36,0
2025-02-21 00:00:00,LOC_580,7.37,74.6,5.16,0
2024-01-25 00:00:00,LOC_980,8.17,47.0,5.58,1
2023-09-01 00:00:00,LOC_1402,4.64,60.79,8.39,0
2024-08-07 00:00:00,LOC_1391,7.84,67.43,8.68,0
2025-05-18 00:00:00,LOC_518,4.17,60.14,5.8,0
2024-04-12 00:00:00,LOC_1689,5.07,65.98,9.63,0
2025-05-15 00:00:00,LOC_702,5.01,89.83,5.85,0
2025-07-22 00:00:00,LOC_1241,8.87,46.76,8.4,1
2026-05-18 00:00:00,LOC_1870,8.14,73.77,6.39,1
2024-08-26 00:00:00,LOC_1890,7.21,59.8,9.28,0
2025-10-11 00:00:00,LOC_1972,7.36,46.65,9.35,0
2026-01-01 00:00:00,LOC_819,6.37,47.94,3.61,0
2026-08-25 00:00:00,LOC_717,8.68,87.46,9.56,1
2025-05-09 00:00:00,LOC_1558,5.98,83.98,8.78,0
2026-04-24 00:00:00,LOC_766,5.28,85.35,8.54,0
2026-06-30 00:00:00,LOC_1224,3.98,89.58,4.41,0
2023-01-13 00:00:00,LOC_1275,7.72,50.42,8.64,0
2023-10-26 00:00:00,LOC_1604,7.41,57.77,8.95,0
2026-01-04 00:00:00,LOC_913,5.31,73.46,5.02,0
2025-12-10 00:00:00,LOC_1776,3.15,64.19,9.67,0
2025-02-25 00:00:00,LOC_1536,8.03,60.92,3.35,1
2023-05-29 00:00:00,LOC_901,3.07,57.89,4.05,0
2023-05-02 00:00:00,LOC_1224,7.22,69.69,6.76,0
2026-05-19 00:00:00,LOC_782,8.82,68.78,7.03,1
2026-07-27 00:00:00,LOC_1636,5.63,48.07,7.52,0
2024-06-21 00:00:00,LOC_1223,4.41,63.59,3.12,0
2026-03-25 00:00:00,LOC_1902,7.23,67.67,9.72,0
2026-06-15 00:00:00,LOC_1251,7.9,68.51,3.31,0
2024-01-11 00:00:00,LOC_768,6.28,50.51,4.0,0
2023-03-23 00:00:00,LOC_798,8.8,77.11,3.1,1
2024-05-06 00:00:00,LOC_1841,3.31,41.26,6.97,0
2023-12-22 00:00:00,LOC_1070,6.03,57.74,9.53,0
2025-07-13 00:00:00,LOC_1009,7.31,79.01,7.66,0
2026-07-20 00:00:00,LOC_1046,8.18,68.19,8.76,1
2025-12-03 00:00:00,LOC_1275,4.08,53.06,3.09,0
2025-10-01 00:00:00,LOC_865,7.8,74.75,6.79,0
2023-05-03 00:00:00,LOC_1047,6.32,68.37,6.22,0
2026-10-04 00:00:00,LOC_771,5.38,79.81,6.49,0
2024-12-08 00:00:00,LOC_1998,3.79,76.75,3.51,0
2023-11-26 00:00:00,LOC_1239,8.19,70.51,7.79,1
2026-12-03 00:00:00,LOC_1037,3.94,64.41,6.52,0
2025-09-17 00:00:00,LOC_1758,4.86,46.66,8.36,0
2023-11-19 00:00:00,LOC_559,4.74,53.07,6.4,0
2026-02-08 00:00:00,LOC_1775,8.23,60.95,4.05,1
2025-02-08 00:00:00,LOC_586,7.04,69.96,7.54,0
2026-01-17 00:00:00,LOC_1263,7.78,65.69,4.21,0
2024-03-08 00:00:00,LOC_890,4.5,54.41,9.11,0
2024-12-10 00:00:00,LOC_1704,6.75,40.32,7.29,0
2025-03-04 00:00:00,LOC_1219,6.43,64.81,4.1,0
2024-12-12 00:00:00,LOC_1356,8.0,54.28,9.74,0
2026-01-27 00:00:00,LOC_649,8.44,76.73,6.63,1
2024-06-22 00:00:00,LOC_1083,3.07,41.2,3.51,0
2024-08-23 00:00:00,LOC_621,7.04,69.24,7.39,0
2026-03-15 00:00:00,LOC_1265,3.31,87.07,4.77,0
2023-09-14 00:00:00,LOC_1105,6.29,48.72,8.63,0
2026-04-27 00:00:00,LOC_756,4.73,63.58,8.72,0
2026-06-17 00:00:00,LOC_1266,4.84,44.57,9.85,0
2025-05-20 00:00:00,LOC_1364,5.12,71.28,6.51,0
2025-06-17 00:00:00,LOC_1300,6.73,67.53,6.18,0
2025-03-19 00:00:00,LOC_1833,5.0,60.37,8.27,0
2024-11-07 00:00:00,LOC_559,7.4,66.07,3.93,0
2023-09-28 00:00:00,LOC_1522,5.43,84.83,6.83,0
2024-07-03 00:00:00,LOC_1593,3.41,49.81,6.82,0
2026-02-11 00:00:00,LOC_1970,7.7,41.13,3.63,0
2026-09-24 00:00:00,LOC_888,4.71,83.08,5.93,0
2024-07-21 00:00:00,LOC_1610,5.6,68.86,8.97,0
2025-09-12 00:00:00,LOC_1286,7.11,84.53,8.99,0
2023-12-25 00:00:00,LOC_1751,4.99,69.85,3.69,0
2026-09-19 00:00:00,LOC_1093,3.34,80.51,3.64,0
2026-04-07 00:00:00,LOC_1708,5.24,61.48,4.84,0
2026-09-24 00:00:00,LOC_1846,8.67,77.49,9.12,1
2025-03-08 00:00:00,LOC_1409,6.85,85.65,3.9,0
2026-07-08 00:00:00,LOC_1842,7.03,68.61,8.04,0
2025-06-05 00:00:00,LOC_1066,6.79,49.04,3.71,0
2026-05-07 00:00:00,LOC_899,4.19,53.44,7.36,0
2023-07-30 00:00:00,LOC_1399,5.51,49.93,5.49,0
2023-10-14 00:00:00,LOC_1817,7.51,52.34,8.52,0
2025-01-12 00:00:00,LOC_793,3.61,55.32,4.64,0
2027-02-04 00:00:00,LOC_985,4.67,67.76,7.47,0
2025-11-12 00:00:00,LOC_1971,4.66,69.4,4.65,0
2026-02-06 00:00:00,LOC_1303,5.59,61.32,8.0,0
2023-10-23 00:00:00,LOC_1936,8.88,70.77,9.12,1
2023-01-06 00:00:00,LOC_1390,3.41,44.08,3.89,0
2024-07-03 00:00:00,LOC_744,6.11,44.39,9.07,0
2024-11-11 00:00:00,LOC_1944,4.08,48.59,7.16,0
2025-03-05 00:00:00,LOC_1460,8.82,65.9,3.89,1
2023-07-22 00:00:00,LOC_1678,3.68,50.7,5.99,0
2023-11-21 00:00:00,LOC_1316,5.42,54.16,4.13,0
2025-04-04 00:00:00,LOC_1948,7.43,60.02,7.9,0
2023-09-01 00:00:00,LOC_773,7.23,80.59,8.31,0
2023-11-23 00:00:00,LOC_1020,5.54,40.69,3.74,0
2025-09-13 00:00:00,LOC_1652,5.08,72.47,6.54,0
2025-12-06 00:00:00,LOC_1897,5.39,73.44,8.7,0
2025-01-30 00:00:00,LOC_1068,4.59,79.93,9.55,0
2025-11-02 00:00:00,LOC_1138,4.23,86.64,6.59,0
2025-06-25 00:00:00,LOC_659,5.9,41.01,9.65,0
2026-11-04 00:00:00,LOC_1152,4.61,47.69,6.75,0
2023-12-31 00:00:00,LOC_676,4.72,84.31,5.76,0
2026-09-27 00:00:00,LOC_1120,6.94,62.93,8.94,0
2026-05-29 00:00:00,LOC_711,8.81,68.23,6.45,1
2023-03-14 00:00:00,LOC_947,6.62,73.15,6.3,0
2025-12-05 00:00:00,LOC_1086,3.46,73.95,6.43,0
2023-10-01 00:00:00,LOC_667,3.45,86.59,8.93,0
2023-07-27 00:00:00,LOC_960,8.71,89.85,8.82,1
2023-05-04 00:00:00,LOC_1416,4.78,76.01,5.82,0
2025-10-30 00:00:00,LOC_1881,3.55,54.36,5.33,0
2026-09-14 00:00:00,LOC_1828,6.59,83.99,6.44,0
2026-04-25 00:00:00,LOC_1757,6.74,42.46,7.01,0
2024-06-26 00:00:00,LOC_1851,6.89,51.55,4.67,0
2023-03-01 00:00:00,LOC_1706,4.6,84.87,8.56,0
2025-06-17 00:00:00,LOC_1858,3.09,52.81,6.41,0
2025-06-04 00:00:00,LOC_1553,8.79,51.03,5.34,1
2025-02-20 00:00:00,LOC_1214,4.51,46.91,3.75,0
2024-03-17 00:00:00,LOC_1617,7.06,82.96,4.67,0
2026-05-25 00:00:00,LOC_1341,7.24,65.0,9.64,0
2025-06-29 00:00:00,LOC_1368,6.66,73.74,5.14,0
2025-10-22 00:00:00,LOC_1188,4.88,51.95,4.18,0
2025-04-11 00:00:00,LOC_830,4.63,77.9,6.22,0
2025-10-04 00:00:00,LOC_1708,6.59,78.0,5.15,0
2026-10-11 00:00:00,LOC_595,8.2,55.63,3.25,1
2024-09-17 00:00:00,LOC_1285,8.68,60.53,5.26,1
2026-04-03 00:00:00,LOC_1149,3.64,50.48,6.81,0
2025-09-24 00:00:00,LOC_853,3.93,88.83,6.86,0
2025-01-03 00:00:00,LOC_1430,8.67,72.28,5.5,1
2023-04-01 00:00:00,LOC_1441,7.42,86.73,6.13,0
2023-06-16 00:00:00,LOC_1484,8.3,55.17,9.76,1
2025-08-16 00:00:00,LOC_1789,4.22,79.09,5.64,0
2023-07-26 00:00:00,LOC_1543,6.53,78.29,4.81,0
2026-07-29 00:00:00,LOC_1146,7.21,74.58,4.7,0
2025-12-24 00:00:00,LOC_1126,7.08,88.28,6.2,0
2024-05-30 00:00:00,LOC_639,5.45,59.68,8.32,0
2026-03-26 00:00:00,LOC_1216,3.09,46.54,4.44,0
2025-01-16 00:00:00,LOC_1262,6.5,73.59,7.97,0
2023-11-02 00:00:00,LOC_755,4.52,76.47,3.15,0
2024-01-30 00:00:00,LOC_1609,5.7,68.75,5.93,0
2026-01-02 00:00:00,LOC_1982,8.75,50.34,8.43,1
2023-07-06 00:00:00,LOC_1176,5.39,65.22,5.37,0
2026-09-22 00:00:00,LOC_592,8.04,55.61,6.95,1
2024-09-14 00:00:00,LOC_1593,4.13,61.37,4.43,0
2024-12-30 00:00:00,LOC_537,7.03,72.26,8.19,0
2023-08-28 00:00:00,LOC_640,8.86,77.26,3.37,1
2024-06-16 00:00:00,LOC_1367,3.61,51.61,8.97,0
2023-05-21 00:00:00,LOC_1180,3.05,60.27,4.39,0
2026-07-12 00:00:00,LOC_1702,5.6,53.46,9.12,0
2023-05-19 00:00:00,LOC_637,3.56,49.93,5.47,0
2024-04-03 00:00:00,LOC_690,7.49,79.17,8.06,0
2023-03-11 00:00:00,LOC_842,8.49,85.46,5.23,1
2024-01-20 00:00:00,LOC_1529,5.6,58.51,9.34,0
2024-09-21 00:00:00,LOC_1472,4.55,77.56,3.89,0
2023-07-17 00:00:00,LOC_1781,5.61,84.85,4.25,0
2023-07-24 00:00:00,LOC_1162,7.34,82.31,6.45,0
2024-07-21 00:00:00,LOC_743,3.05,49.14,3.57,0
2025-09-08 00:00:00,LOC_915,6.54,87.81,4.37,0
2025-03-15 00:00:00,LOC_1207,6.68,58.83,9.61,0
2025-05-08 00:00:00,LOC_843,6.83,56.96,9.84,0
2025-05-31 00:00:00,LOC_1182,4.45,43.12,5.63,0
2025-08-31 00:00:00,LOC_1903,7.28,64.31,9.46,0
2024-10-01 00:00:00,LOC_1153,3.55,45.45,6.81,0
2026-12-25 00:00:00,LOC_646,4.2,52.43,4.89,0
2023-11-21 00:00:00,LOC_823,8.26,55.85,7.92,1
2024-03-17 00:00:00,LOC_622,7.43,80.44,7.61,0
2025-03-14 00:00:00,LOC_1776,3.08,83.77,9.92,0
2023-10-15 00:00:00,LOC_811,4.49,55.12,4.86,0
2023-08-14 00:00:00,LOC_1101,4.29,82.93,7.7,0
2025-12-23 00:00:00,LOC_975,4.62,82.86,3.36,0
2025-08-24 00:00:00,LOC_1070,4.49,78.23,3.8,0
2025-07-26 00:00:00,LOC_1075,3.38,47.33,3.03,0
2024-07-13 00:00:00,LOC_847,5.75,74.52,10.0,0
2024-12-14 00:00:00,LOC_1320,7.4,87.25,8.62,0
2024-05-12 00:00:00,LOC_1997,6.64,74.13,8.51,0
2025-04-28 00:00:00,LOC_882,7.04,56.58,6.57,0
2025-07-14 00:00:00,LOC_1804,3.49,65.03,5.1,0
2023-03-01 00:00:00,LOC_572,8.71,72.29,4.06,1
2026-11-21 00:00:00,LOC_1021,8.03,65.53,4.99,1
2023-09-14 00:00:00,LOC_1890,7.83,46.0,5.63,0
2024-07-30 00:00:00,LOC_1433,7.94,55.6,8.29,0
2023-08-27 00:00:00,LOC_1618,8.6,80.12,6.78,1
2023-02-07 00:00:00,LOC_1897,6.27,83.07,3.54,0
2023-01-25 00:00:00,LOC_839,4.2,46.87,3.13,0
2024-02-14 00:00:00,LOC_1961,6.7,87.62,3.72,0
2024-04-05 00:00:00,LOC_1860,7.46,56.44,5.87,0
2025-09-14 00:00:00,LOC_1164,7.43,73.12,9.53,0
2026-12-11 00:00:00,LOC_540,6.13,77.59,7.46,0
2023-12-23 00:00:00,LOC_1883,3.41,80.6,8.61,0
2024-01-18 00:00:00,LOC_1074,5.23,87.29,6.26,0
2026-03-27 00:00:00,LOC_1778,8.52,55.65,5.53,1
2024-07-22 00:00:00,LOC_1466,6.51,82.93,3.76,0
2026-12-27 00:00:00,LOC_1081,6.23,46.58,9.13,0
2025-12-07 00:00:00,LOC_1922,4.61,75.25,8.48,0
2026-09-13 00:00:00,LOC_670,5.21,77.1,4.18,0
2024-03-08 00:00:00,LOC_1201,8.37,73.89,6.59,1
2026-12-25 00:00:00,LOC_1011,7.0,52.62,6.41,0
2023-02-25 00:00:00,LOC_1784,7.72,83.65,7.38,0
2024-07-30 00:00:00,LOC_1084,5.73,48.44,9.62,0
2023-09-25 00:00:00,LOC_1484,6.78,42.68,7.06,0
2023-03-10 00:00:00,LOC_959,4.49,75.87,6.78,0
2025-06-20 00:00:00,LOC_1029,7.23,63.77,3.35,0
2027-01-12 00:00:00,LOC_841,5.57,82.45,3.44,0
2025-03-03 00:00:00,LOC_557,5.66,59.17,4.31,0
2023-09-14 00:00:00,LOC_718,6.9,48.41,3.23,0
2024-11-02 00:00:00,LOC_1119,8.62,81.82,8.2,1
2024-05-04 00:00:00,LOC_1316,3.38,67.45,8.06,0
2025-01-15 00:00:00,LOC_1231,7.95,49.46,3.95,0
2023-02-18 00:00:00,LOC_964,4.75,76.02,8.85,0
2023-11-12 00:00:00,LOC_747,5.66,65.56,4.08,0
2024-02-17 00:00:00,LOC_1230,3.13,70.22,5.11,0
2024-03-09 00:00:00,LOC_873,4.81,63.04,4.74,0
2025-10-22 00:00:00,LOC_917,6.02,81.44,5.61,0
2026-03-14 00:00:00,LOC_1555,3.34,81.48,4.78,0
2026-10-21 00:00:00,LOC_868,5.95,75.47,6.42,0
2024-02-24 00:00:00,LOC_1059,8.56,45.27,5.85,1
2025-04-23 00:00:00,LOC_608,3.63,81.94,9.91,0
2027-01-07 00:00:00,LOC_1084,7.59,73.55,3.39,0
2025-07-04 00:00:00,LOC_1339,5.46,74.85,4.0,0
2024-03-09 00:00:00,LOC_918,6.93,58.15,3.37,0
2024-10-04 00:00:00,LOC_1321,4.56,83.96,7.38,0
2023-02-26 00:00:00,LOC_1922,3.96,76.27,3.38,0
2025-08-21 00:00:00,LOC_1796,3.96,45.63,8.86,0
2025-09-03 00:00:00,LOC_1183,3.42,60.39,6.58,0
2026-04-16 00:00:00,LOC_1640,4.11,84.32,6.69,0
2026-08-09 00:00:00,LOC_756,6.99,42.36,6.93,0
2023-02-15 00:00:00,LOC_1605,8.29,88.07,4.2,1
2026-04-08 00:00:00,LOC_1280,7.88,73.96,4.38,0
2026-07-18 00:00:00,LOC_1652,7.11,71.57,5.23,0
2024-02-21 00:00:00,LOC_1338,3.66,53.53,7.15,0
2025-04-27 00:00:00,LOC_1415,4.74,52.44,4.47,0
2023-05-19 00:00:00,LOC_735,4.86,87.1,3.81,0
2023-09-04 00:00:00,LOC_1053,4.5,54.91,9.79,0
2026-03-17 00:00:00,LOC_681,6.09,78.78,3.15,0
2023-08-18 00:00:00,LOC_657,6.21,59.66,8.62,0
2025-03-02 00:00:00,LOC_1978,5.14,46.96,8.52,0
2024-09-28 00:00:00,LOC_1071,5.12,40.54,5.08,0
2024-01-09 00:00:00,LOC_1357,7.97,67.21,3.95,0
2026-01-08 00:00:00,LOC_1548,7.74,88.79,4.02,0
2025-01-07 00:00:00,LOC_1997,4.85,58.46,7.88,0
2025-12-24 00:00:00,LOC_1924,8.48,57.86,7.5,1
2023-03-29 00:00:00,LOC_1448,8.72,57.2,8.48,1
2026-01-16 00:00:00,LOC_1092,4.96,66.03,9.56,0
2024-12-13 00:00:00,LOC_634,5.13,62.03,7.84,0
2026-05-12 00:00:00,LOC_921,6.03,84.0,4.09,0
2026-11-06 00:00:00,LOC_713,8.65,65.28,4.7,1
2024-08-23 00:00:00,LOC_1400,8.26,65.39,8.9,1
2027-02-08 00:00:00,LOC_982,3.62,46.92,4.47,0
2024-06-22 00:00:00,LOC_848,5.36,89.14,3.51,0
2023-08-02 00:00:00,LOC_666,6.32,52.5,7.92,0
2023-03-15 00:00:00,LOC_1437,6.02,43.67,5.82,0
2023-03-02 00:00:00,LOC_848,4.16,73.16,9.44,0
2024-11-28 00:00:00,LOC_1349,8.15,69.77,7.55,1
2026-05-27 00:00:00,LOC_898,7.06,60.76,3.63,0
2023-01-12 00:00:00,LOC_1083,8.03,61.11,9.63,1
2025-03-24 00:00:00,LOC_1226,8.15,79.25,4.81,1
2026-12-09 00:00:00,LOC_1959,7.49,49.79,5.36,0
2023-02-01 00:00:00,LOC_1745,5.64,81.01,5.82,0
2026-03-29 00:00:00,LOC_808,6.66,72.44,3.36,0
2025-09-27 00:00:00,LOC_1491,3.96,60.95,6.48,0
2023-08-25 00:00:00,LOC_1298,7.04,62.9,3.86,0
2026-04-19 00:00:00,LOC_1219,4.08,52.83,5.81,0
2024-07-11 00:00:00,LOC_966,7.16,77.61,5.45,0
2026-09-26 00:00:00,LOC_599,4.38,65.64,8.41,0
2027-01-21 00:00:00,LOC_1766,3.71,56.04,8.62,0
2026-01-08 00:00:00,LOC_658,3.99,69.8,4.07,0
2024-10-08 00:00:00,LOC_1110,3.01,89.79,5.57,0
2025-09-13 00:00:00,LOC_1054,7.31,61.76,5.61,0
2025-03-30 00:00:00,LOC_1151,7.39,86.03,4.06,0
2024-04-17 00:00:00,LOC_1420,6.09,57.25,8.59,0
2023-04-22 00:00:00,LOC_727,3.97,42.74,7.95,0
2026-08-08 00:00:00,LOC_923,3.5,50.21,4.33,0
2024-01-18 00:00:00,LOC_1596,3.11,60.93,5.57,0
2023-01-17 00:00:00,LOC_743,3.99,50.98,3.74,0
2024-05-07 00:00:00,LOC_1030,8.35,40.01,7.4,1
2026-09-16 00:00:00,LOC_1569,4.45,85.75,3.85,0
2025-07-14 00:00:00,LOC_1996,5.13,82.19,9.9,0
2026-11-30 00:00:00,LOC_871,3.63,77.11,8.46,0
2023-04-27 00:00:00,LOC_1152,4.33,48.39,5.73,0
2025-05-29 00:00:00,LOC_1189,6.12,46.02,7.05,0
2023-04-25 00:00:00,LOC_1234,6.65,43.38,9.38,0
2025-03-24 00:00:00,LOC_592,4.47,76.2,6.88,0
2024-10-05 00:00:00,LOC_1546,3.35,86.44,4.22,0
2026-09-21 00:00:00,LOC_672,5.35,61.53,5.65,0
2023-12-02 00:00:00,LOC_1716,4.41,45.96,8.9,0
2025-07-10 00:00:00,LOC_1601,4.32,65.62,7.51,0
2023-05-27 00:00:00,LOC_1805,8.76,57.44,7.56,1
2023-05-02 00:00:00,LOC_1888,6.7,58.74,9.07,0
2023-03-22 00:00:00,LOC_679,6.34,71.07,9.26,0
2024-11-15 00:00:00,LOC_738,5.49,75.94,9.44,0
2024-10-23 00:00:00,LOC_1659,5.57,45.53,3.66,0
2024-01-10 00:00:00,LOC_1377,6.25,41.78,6.81,0
2023-03-04 00:00:00,LOC_1402,7.18,89.72,8.18,0
2024-05-18 00:00:00,LOC_780,7.21,51.64,8.3,0
2024-10-29 00:00:00,LOC_1543,4.03,42.69,7.25,0
2024-03-24 00:00:00,LOC_1240,6.0,49.49,4.17,0
2026-12-22 00:00:00,LOC_871,5.47,41.95,8.58,0
2025-05-17 00:00:00,LOC_1636,8.22,59.59,8.04,1
2026-12-21 00:00:00,LOC_1370,6.79,80.12,3.6,0
2026-12-15 00:00:00,LOC_1519,6.2,57.06,6.25,0
2026-09-07 00:00:00,LOC_721,3.69,62.21,4.22,0
2024-11-10 00:00:00,LOC_1420,6.63,73.78,5.36,0
2026-04-04 00:00:00,LOC_804,3.7,65.44,3.13,0
2024-04-05 00:00:00,LOC_1849,5.02,83.07,5.8,0
2024-04-03 00:00:00,LOC_1961,3.86,83.3,6.85,0
2026-04-27 00:00:00,LOC_938,7.15,40.5,7.34,0
2024-04-08 00:00:00,LOC_1694,4.24,78.9,7.64,0
2025-06-30 00:00:00,LOC_875,5.35,63.04,8.85,0
2024-01-14 00:00:00,LOC_881,8.37,89.44,4.51,1
2025-10-22 00:00:00,LOC_1486,4.23,64.16,3.84,0
2023-12-30 00:00:00,LOC_514,6.05,89.34,8.96,0
2023-03-13 00:00:00,LOC_1243,5.52,77.73,4.1,0
2026-12-21 00:00:00,LOC_1169,3.11,52.43,9.82,0
2024-09-29 00:00:00,LOC_1000,7.76,66.92,8.9,0
2026-04-08 00:00:00,LOC_1915,3.41,89.61,6.51,0
2026-05-13 00:00:00,LOC_1065,5.85,82.88,9.87,0
2023-12-03 00:00:00,LOC_1030,6.36,44.87,3.68,0
2027-02-04 00:00:00,LOC_992,6.77,75.32,5.12,0
2023-07-14 00:00:00,LOC_1909,7.13,57.28,7.47,0
2025-10-08 00:00:00,LOC_1720,4.52,40.35,5.45,0
2024-10-14 00:00:00,LOC_1255,3.06,60.17,9.5,0
2026-07-22 00:00:00,LOC_800,7.34,51.74,3.46,0
2023-01-07 00:00:00,LOC_1315,6.21,80.94,6.85,0
2025-06-23 00:00:00,LOC_1047,8.02,56.87,7.14,1
2025-09-05 00:00:00,LOC_1227,7.93,81.38,7.57,0
2024-07-19 00:00:00,LOC_1231,8.06,40.03,4.79,1
2024-09-07 00:00:00,LOC_1328,5.91,55.39,5.55,0
2024-07-26 00:00:00,LOC_1102,5.0,52.06,8.91,0
2024-08-21 00:00:00,LOC_1832,7.75,51.68,4.36,0
2025-02-08 00:00:00,LOC_1776,5.71,43.41,8.79,0
2026-04-16 00:00:00,LOC_1532,4.1,49.36,6.94,0
2023-08-30 00:00:00,LOC_1268,8.13,67.78,8.34,1
2026-05-11 00:00:00,LOC_1375,8.3,54.57,8.0,1
2027-01-25 00:00:00,LOC_1732,5.8,60.87,4.45,0
2026-01-08 00:00:00,LOC_1437,3.45,58.84,6.98,0
2026-12-11 00:00:00,LOC_631,5.33,83.8,9.07,0
2025-02-04 00:00:00,LOC_1108,7.82,85.26,6.02,0
2024-01-19 00:00:00,LOC_526,8.41,64.65,9.77,1
2024-01-26 00:00:00,LOC_1978,4.22,56.51,6.17,0
2025-06-14 00:00:00,LOC_1135,3.4,45.34,4.0,0
2024-11-18 00:00:00,LOC_1710,8.26,87.67,5.73,1
2026-02-23 00:00:00,LOC_984,5.34,43.01,9.66,0
2023-02-16 00:00:00,LOC_1180,6.25,54.88,5.24,0
2027-02-08 00:00:00,LOC_1575,8.81,54.9,9.08,1
2024-09-10 00:00:00,LOC_505,3.4,56.02,9.17,0
2024-04-08 00:00:00,LOC_1089,6.89,48.21,5.45,0
2023-05-03 00:00:00,LOC_1684,3.44,79.16,3.58,0
2027-02-06 00:00:00,LOC_708,5.25,46.12,8.07,0
2023-05-14 00:00:00,LOC_757,7.82,71.75,5.18,0
2025-04-20 00:00:00,LOC_1729,5.6,46.19,8.48,0
2025-04-28 00:00:00,LOC_511,8.98,43.53,6.1,1
2024-08-29 00:00:00,LOC_1449,6.35,85.47,6.4,0
2023-01-23 00:00:00,LOC_508,4.93,49.51,8.45,0
2024-07-19 00:00:00,LOC_1933,4.32,81.06,5.68,0
2025-02-04 00:00:00,LOC_1436,5.1,67.23,6.1,0
2025-08-22 00:00:00,LOC_532,5.24,43.89,5.63,0
2023-08-23 00:00:00,LOC_1040,3.41,87.77,5.57,0
2025-09-22 00:00:00,LOC_1505,5.22,52.35,6.68,0
2025-12-18 00:00:00,LOC_887,5.79,82.98,8.66,0
2026-04-02 00:00:00,LOC_1752,7.34,48.44,5.53,0
2025-04-05 00:00:00,LOC_1140,6.94,82.7,6.67,0
2023-08-04 00:00:00,LOC_1999,7.25,40.66,7.7,0
2026-04-21 00:00:00,LOC_707,3.05,65.59,4.89,0
2024-10-18 00:00:00,LOC_1842,4.31,78.47,4.94,0
2025-07-23 00:00:00,LOC_1057,6.97,86.74,9.53,0
2026-01-18 00:00:00,LOC_848,5.9,85.46,8.06,0
2023-11-07 00:00:00,LOC_1293,3.03,80.98,7.04,0
2024-07-10 00:00:00,LOC_734,7.83,84.41,7.53,0
2025-08-29 00:00:00,LOC_1568,7.64,49.96,3.21,0
2023-09-14 00:00:00,LOC_1506,6.29,54.21,7.33,0
2024-06-16 00:00:00,LOC_1237,3.4,54.45,6.57,0
2023-02-21 00:00:00,LOC_1442,7.6,58.85,6.82,0
2026-09-23 00:00:00,LOC_1666,6.5,59.67,5.52,0
2026-04-09 00:00:00,LOC_676,7.69,67.23,3.57,0
2025-12-26 00:00:00,LOC_949,7.51,47.99,4.35,0
2023-10-27 00:00:00,LOC_1092,7.82,74.56,9.66,0
2024-11-02 00:00:00,LOC_582,6.11,48.38,5.86,0
2025-02-16 00:00:00,LOC_635,3.84,55.52,6.27,0
2025-04-11 00:00:00,LOC_1356,7.03,65.17,3.37,0
2023-08-20 00:00:00,LOC_1701,6.72,79.82,3.26,0
2025-09-01 00:00:00,LOC_1907,7.45,76.97,8.02,0
2025-12-27 00:00:00,LOC_1767,4.02,72.28,6.77,0
2023-01-28 00:00:00,LOC_1665,4.17,47.79,6.56,0
2025-12-10 00:00:00,LOC_1981,8.34,67.35,4.7,1
2026-07-07 00:00:00,LOC_940,7.5,44.37,8.21,0
2024-08-13 00:00:00,LOC_1580,8.45,58.87,4.18,1
2025-02-23 00:00:00,LOC_1197,7.55,60.68,4.33,0
2024-09-11 00:00:00,LOC_919,6.58,41.99,6.22,0
2024-08-08 00:00:00,LOC_588,6.92,53.7,5.0,0
2025-09-28 00:00:00,LOC_1156,8.33,87.78,4.73,1
2023-07-03 00:00:00,LOC_1532,6.47,87.68,7.52,0
2025-11-12 00:00:00,LOC_715,6.79,57.62,7.56,0
2023-05-09 00:00:00,LOC_1052,3.94,42.16,8.77,0
2023-10-18 00:00:00,LOC_1003,5.84,48.95,5.92,0
2024-05-15 00:00:00,LOC_1199,7.3,59.61,3.51,0
2023-07-05 00:00:00,LOC_745,4.63,87.39,4.92,0
2024-04-23 00:00:00,LOC_809,4.21,47.06,9.86,0
2024-05-06 00:00:00,LOC_731,4.88,78.18,7.17,0
2024-05-27 00:00:00,LOC_1907,4.45,45.43,7.97,0
2025-12-26 00:00:00,LOC_655,4.29,89.06,3.05,0
2024-04-11 00:00:00,LOC_1699,5.55,59.08,6.63,0
2023-10-12 00:00:00,LOC_1348,8.45,78.76,3.26,1
2024-08-23 00:00:00,LOC_615,6.04,57.13,6.98,0
2026-12-11 00:00:00,LOC_1914,4.13,71.38,9.45,0
2026-01-28 00:00:00,LOC_811,3.46,49.6,9.78,0
2023-07-08 00:00:00,LOC_1493,7.18,47.3,6.78,0
2025-09-15 00:00:00,LOC_800,5.3,86.9,6.21,0
2025-06-08 00:00:00,LOC_1542,7.93,85.88,9.62,0
2024-01-23 00:00:00,LOC_1284,6.96,84.37,7.72,0
2023-08-29 00:00:00,LOC_512,7.78,71.27,3.45,0
2024-02-21 00:00:00,LOC_1928,4.63,80.41,6.26,0
2023-06-25 00:00:00,LOC_732,7.15,43.45,4.68,0
2024-01-22 00:00:00,LOC_1455,4.58,56.74,6.29,0
2027-02-03 00:00:00,LOC_1230,8.63,55.69,6.19,1
2025-05-02 00:00:00,LOC_1802,6.82,71.78,7.08,0
2026-06-10 00:00:00,LOC_1877,4.95,57.8,5.5,0
2024-10-24 00:00:00,LOC_1518,4.62,47.43,4.15,0
2024-03-27 00:00:00,LOC_1499,4.15,69.82,6.53,0
2023-10-04 00:00:00,LOC_803,7.17,80.72,8.81,0
2026-06-06 00:00:00,LOC_1041,4.31,59.11,7.65,0
2026-04-09 00:00:00,LOC_970,6.57,46.61,5.37,0
2023-08-01 00:00:00,LOC_1313,4.59,49.83,9.55,0
2026-07-29 00:00:00,LOC_577,6.97,51.87,9.39,0
2023-02-10 00:00:00,LOC_1520,7.89,54.99,4.47,0
2026-02-19 00:00:00,LOC_524,7.67,72.14,3.28,0
2026-06-04 00:00:00,LOC_1539,7.57,70.05,8.19,0
2023-10-21 00:00:00,LOC_1176,4.13,74.8,8.79,0
2024-08-22 00:00:00,LOC_1025,3.53,58.13,9.78,0
2026-07-14 00:00:00,LOC_847,7.19,81.2,9.23,0
2024-06-24 00:00:00,LOC_672,5.21,50.2,7.2,0
2024-03-26 00:00:00,LOC_1851,5.59,63.45,6.71,0
2027-01-12 00:00:00,LOC_1212,3.19,80.05,3.19,0
2025-12-20 00:00:00,LOC_989,4.56,49.01,4.73,0
2026-03-16 00:00:00,LOC_1986,3.2,45.49,6.22,0
2025-02-28 00:00:00,LOC_878,8.28,84.18,7.4,1
2023-11-30 00:00:00,LOC_1688,4.46,57.15,6.9,0
2025-06-09 00:00:00,LOC_872,6.34,74.19,8.2,0
2026-03-11 00:00:00,LOC_1500,3.23,41.27,4.96,0
2023-02-13 00:00:00,LOC_1477,7.0,74.5,6.95,0
2023-05-24 00:00:00,LOC_1948,4.94,55.81,3.62,0
2023-11-29 00:00:00,LOC_1257,8.39,42.79,5.9,1
2025-09-24 00:00:00,LOC_977,8.33,70.49,8.25,1
2026-11-20 00:00:00,LOC_882,4.95,52.04,7.85,0
2023-02-24 00:00:00,LOC_655,8.41,59.34,9.93,1
2026-08-23 00:00:00,LOC_757,8.98,44.03,4.95,1
2025-05-19 00:00:00,LOC_1174,7.95,47.36,6.49,0
2026-12-17 00:00:00,LOC_568,8.07,54.9,5.31,1
2026-12-11 00:00:00,LOC_844,4.49,44.49,6.08,0
2025-03-07 00:00:00,LOC_1801,6.46,85.54,9.0,0
2023-11-21 00:00:00,LOC_1173,3.4,40.3,7.79,0
2023-03-21 00:00:00,LOC_891,3.57,64.19,9.18,0
2025-11-20 00:00:00,LOC_1973,8.99,46.16,4.42,1
2025-09-11 00:00:00,LOC_759,4.96,55.38,9.11,0
2026-02-09 00:00:00,LOC_807,7.49,86.3,3.42,0
2024-07-11 00:00:00,LOC_1619,7.84,48.08,9.22,0
2025-05-14 00:00:00,LOC_1450,8.15,88.29,5.3,1
2024-12-17 00:00:00,LOC_1988,8.99,50.29,5.2,1
2024-04-16 00:00:00,LOC_1470,4.45,77.08,6.58,0
2023-03-15 00:00:00,LOC_746,3.24,67.33,9.58,0
2024-08-11 00:00:00,LOC_1233,5.47,84.22,3.33,0
2026-11-11 00:00:00,LOC_687,3.78,67.7,5.47,0
2024-07-17 00:00:00,LOC_1425,3.13,66.73,9.0,0
2026-12-27 00:00:00,LOC_1285,5.16,49.77,5.77,0
2026-12-06 00:00:00,LOC_1897,7.7,48.31,4.39,0
2024-04-11 00:00:00,LOC_1930,6.4,85.82,5.97,0
2024-08-21 00:00:00,LOC_908,4.88,56.39,5.7,0
2025-09-18 00:00:00,LOC_1649,6.93,58.6,9.41,0
2025-01-06 00:00:00,LOC_1861,4.39,77.99,8.33,0
2025-09-20 00:00:00,LOC_841,3.09,56.94,6.54,0
2023-09-05 00:00:00,LOC_1063,7.59,87.6,9.92,0
2026-02-17 00:00:00,LOC_1702,6.74,76.9,6.26,0
2023-03-08 00:00:00,LOC_1151,7.57,69.87,3.41,0
2024-07-26 00:00:00,LOC_1452,3.23,84.04,4.84,0
2026-09-12 00:00:00,LOC_1694,8.02,42.48,6.05,1
2024-12-03 00:00:00,LOC_1563,6.72,52.85,4.1,0
2024-04-14 00:00:00,LOC_569,6.38,63.25,9.63,0
2024-05-07 00:00:00,LOC_1760,6.75,51.35,8.37,0
2024-10-24 00:00:00,LOC_881,8.19,77.2,4.88,1
2023-10-13 00:00:00,LOC_557,6.52,85.96,7.14,0
2023-11-08 00:00:00,LOC_1801,6.49,61.19,8.05,0
2023-11-05 00:00:00,LOC_1350,8.94,57.11,9.59,1
2025-02-13 00:00:00,LOC_1623,7.54,88.08,9.17,0
2026-01-25 00:00:00,LOC_1416,5.65,62.24,6.61,0
2025-08-22 00:00:00,LOC_825,7.24,64.45,8.42,0
2026-02-10 00:00:00,LOC_961,5.34,57.58,6.94,0
2024-03-31 00:00:00,LOC_679,4.37,85.48,6.87,0
2027-01-26 00:00:00,LOC_1344,6.58,68.45,3.8,0
2023-05-12 00:00:00,LOC_1074,8.57,78.11,3.88,1
2025-07-18 00:00:00,LOC_619,8.57,80.59,6.71,1
2025-08-22 00:00:00,LOC_1993,5.05,57.09,4.88,0
2025-07-17 00:00:00,LOC_1049,6.17,61.68,3.15,0
2023-05-01 00:00:00,LOC_1146,4.27,82.42,8.06,0
2026-05-05 00:00:00,LOC_1979,8.97,58.16,3.23,1
2024-09-25 00:00:00,LOC_526,8.89,79.7,7.17,1
2025-06-15 00:00:00,LOC_1532,6.9,87.05,6.77,0
2025-02-10 00:00:00,LOC_1469,7.83,71.16,9.78,0
2025-11-28 00:00:00,LOC_1033,7.29,77.08,6.39,0
2024-07-19 00:00:00,LOC_649,6.56,80.25,3.45,0
2024-05-26 00:00:00,LOC_1549,3.32,82.25,6.86,0
2027-02-06 00:00:00,LOC_1155,5.73,59.75,8.89,0
2026-03-30 00:00:00,LOC_1445,7.05,42.56,9.98,0
2023-10-16 00:00:00,LOC_1055,7.07,60.09,6.01,0
2023-07-19 00:00:00,LOC_925,5.24,73.69,5.24,0
2024-06-11 00:00:00,LOC_793,8.65,62.52,9.35,1
2025-07-05 00:00:00,LOC_1709,4.0,77.45,4.34,0
2026-06-25 00:00:00,LOC_1054,6.0,57.85,7.31,0
2026-11-07 00:00:00,LOC_931,7.15,71.74,5.84,0
2026-05-26 00:00:00,LOC_1104,7.18,49.32,3.29,0
2026-01-15 00:00:00,LOC_817,6.89,77.47,5.43,0
2026-01-10 00:00:00,LOC_898,4.65,67.28,4.86,0
2025-12-21 00:00:00,LOC_1848,3.94,50.2,7.8,0
2025-03-09 00:00:00,LOC_1096,6.82,54.6,9.64,0
2025-12-01 00:00:00,LOC_1046,6.6,77.43,4.88,0
2023-01-12 00:00:00,LOC_576,4.08,64.13,8.68,0
2025-04-12 00:00:00,LOC_1365,7.23,50.8,3.39,0
2025-04-20 00:00:00,LOC_1416,5.73,88.36,6.77,0
2024-10-04 00:00:00,LOC_1209,7.01,75.76,3.49,0
2026-02-12 00:00:00,LOC_986,8.02,87.86,9.54,1
2026-05-26 00:00:00,LOC_1612,4.02,61.36,8.36,0
2023-04-16 00:00:00,LOC_1247,3.11,63.76,7.61,0
2024-11-21 00:00:00,LOC_1756,7.67,84.9,8.77,0
2024-06-11 00:00:00,LOC_1531,6.66,66.25,7.53,0
2027-02-04 00:00:00,LOC_1050,7.2,75.36,9.78,0
2025-04-25 00:00:00,LOC_1476,8.03,52.61,8.0,1
2025-06-11 00:00:00,LOC_1576,7.82,62.34,9.47,0
2024-01-22 00:00:00,LOC_1442,8.77,46.17,6.62,1
2026-06-03 00:00:00,LOC_1419,6.22,50.3,3.82,0
2024-04-25 00:00:00,LOC_1920,5.93,40.05,6.7,0
2024-02-12 00:00:00,LOC_1745,5.41,41.96,3.89,0
2027-01-20 00:00:00,LOC_1952,3.92,88.86,7.15,0
2025-06-16 00:00:00,LOC_1667,6.44,52.12,6.38,0
2024-12-11 00:00:00,LOC_863,4.66,73.17,7.36,0
2024-09-30 00:00:00,LOC_882,8.53,81.95,3.07,1
2025-11-10 00:00:00,LOC_1801,6.5,67.53,4.36,0
2025-03-25 00:00:00,LOC_771,6.56,47.66,6.44,0
2025-07-06 00:00:00,LOC_1538,5.13,76.41,9.65,0
2023-07-22 00:00:00,LOC_798,3.31,70.01,5.69,0
2024-02-21 00:00:00,LOC_1504,3.19,76.56,5.97,0
2024-02-20 00:00:00,LOC_1988,5.54,78.49,8.0,0
2027-01-11 00:00:00,LOC_734,3.51,88.77,7.23,0
2023-03-26 00:00:00,LOC_1075,6.64,68.68,5.09,0
2023-06-16 00:00:00,LOC_527,8.29,57.08,5.88,1
2024-01-19 00:00:00,LOC_1995,8.3,72.42,4.52,1
2024-04-12 00:00:00,LOC_593,6.95,43.42,9.76,0
2025-12-31 00:00:00,LOC_1117,4.27,84.87,3.91,0
2025-03-20 00:00:00,LOC_809,8.18,45.97,5.6,1
2025-09-23 00:00:00,LOC_552,8.32,56.39,3.18,1
2024-04-17 00:00:00,LOC_819,4.18,80.79,4.55,0
2025-09-19 00:00:00,LOC_681,7.42,69.87,8.46,0
2026-07-05 00:00:00,LOC_1644,4.72,59.68,4.41,0
2023-10-02 00:00:00,LOC_1375,7.82,63.67,3.56,0
2025-11-09 00:00:00,LOC_1567,8.98,82.73,6.32,1
2024-05-04 00:00:00,LOC_1147,3.18,57.0,3.07,0
2023-11-22 00:00:00,LOC_1784,8.38,83.48,3.59,1
2024-06-12 00:00:00,LOC_697,6.74,44.41,8.65,0
2025-06-10 00:00:00,LOC_1145,8.84,78.84,8.4,1
2023-03-30 00:00:00,LOC_1471,5.79,82.38,9.41,0
2024-04-30 00:00:00,LOC_755,8.08,49.09,8.98,1
2024-12-08 00:00:00,LOC_1232,3.37,61.52,7.78,0
